{
    "profile_class": "RESHIPV_SCENT",
    "orders": {
        "ar": 3,
        "diff": 0,
        "ma": 4
    },
    "parameters": {
        "const": 0.298011450579683,
        "ar.L1": 1.6125944230095561,
        "ar.L2": -0.38977323147239384,
        "ar.L3": -0.23735986302801743,
        "ma.L1": 0.24024226343508384,
        "ma.L2": 0.02229649877436862,
        "ma.L3": 0.06169721711123122,
        "ma.L4": -0.05912241342423597,
        "sigma2": 0.00012076651629666364
    }
}