{
    "profile_class": "RESHIDG_EAST",
    "orders": {
        "ar": 4,
        "diff": 0,
        "ma": 4
    },
    "parameters": {
        "const": 0.6228411454244054,
        "ar.L1": 2.086840805228902,
        "ar.L2": -2.0126527188552865,
        "ar.L3": 1.3196345265947178,
        "ar.L4": -0.39884734458104615,
        "ma.L1": -0.5484337335336817,
        "ma.L2": 0.787938330699499,
        "ma.L3": -0.04441604769355792,
        "ma.L4": 0.04299496711603639,
        "sigma2": 0.0003585891261788295
    }
}