{
    "profile_class": "BUSLOLF_COAST",
    "orders": {
        "ar": 3,
        "diff": 0,
        "ma": 3
    },
    "parameters": {
        "const": 1.7311871178924907,
        "ar.L1": 1.093647844077028,
        "ar.L2": 0.7118321004836332,
        "ar.L3": -0.8119087846933557,
        "ma.L1": 0.380227913774433,
        "ma.L2": -0.4460853479349206,
        "ma.L3": -0.1346842769939687,
        "sigma2": 0.0010771281480032747
    }
}