{
    "profile_class": "NMLIGHT_FWEST",
    "orders": {
        "ar": 4,
        "diff": 0,
        "ma": 4
    },
    "parameters": {
        "const": 0.4797767652328877,
        "ar.L1": 2.209409647855993,
        "ar.L2": -1.5631087579732927,
        "ar.L3": 0.448679041550555,
        "ar.L4": -0.09824941014781273,
        "ma.L1": 0.01155434251422871,
        "ma.L2": 0.019028086255137744,
        "ma.L3": 0.02358500798949348,
        "ma.L4": -0.9755211082778286,
        "sigma2": 0.0007221762168199511
    }
}