{
    "profile_class": "BUSHIWD_SOUTH",
    "orders": {
        "ar": 3,
        "diff": 1,
        "ma": 2
    },
    "parameters": {
        "ar.L1": 0.778858737046049,
        "ar.L2": 0.9013277118629824,
        "ar.L3": -0.7124560645248975,
        "ma.L1": -0.07550951342267875,
        "ma.L2": -0.9007516834645474,
        "sigma2": 0.0023146774798146236
    }
}