{
    "profile_class": "BUSLODG_SCENT",
    "orders": {
        "ar": 4,
        "diff": 1,
        "ma": 4
    },
    "parameters": {
        "ar.L1": 0.06689222706721884,
        "ar.L2": 0.1318575348730466,
        "ar.L3": 0.014841970169020481,
        "ar.L4": 0.5397688409873296,
        "ma.L1": 0.5852174837349896,
        "ma.L2": 0.40390344809476825,
        "ma.L3": 0.40005949222444537,
        "ma.L4": 0.13951870194027152,
        "sigma2": 0.0006088470951608936
    }
}