{
    "profile_class": "BUSHIPV_WEST",
    "orders": {
        "ar": 4,
        "diff": 2,
        "ma": 3
    },
    "parameters": {
        "ar.L1": 0.12161576669647228,
        "ar.L2": -0.5727821864923857,
        "ar.L3": 0.6827254159568403,
        "ar.L4": 0.0880290602371068,
        "ma.L1": -0.4693279179906032,
        "ma.L2": 0.457492872057442,
        "ma.L3": -0.9880214110433511,
        "sigma2": 0.013879451228962668
    }
}