{
    "profile_class": "RESLOWR_NCENT",
    "orders": {
        "ar": 3,
        "diff": 0,
        "ma": 4
    },
    "parameters": {
        "const": 0.465026826025112,
        "ar.L1": 1.621969166345493,
        "ar.L2": -0.3052803659702763,
        "ar.L3": -0.3196504903013062,
        "ma.L1": -0.006707449399079054,
        "ma.L2": -0.07326960624009726,
        "ma.L3": -0.037770449761306286,
        "ma.L4": -0.1002097139261836,
        "sigma2": 3.512275231427311e-05
    }
}