{
    "profile_class": "RESHIPV_FWEST",
    "orders": {
        "ar": 2,
        "diff": 0,
        "ma": 2
    },
    "parameters": {
        "const": 0.2743858463552356,
        "ar.L1": 1.8707540280029544,
        "ar.L2": -0.883772201749855,
        "ma.L1": -0.013784314414491605,
        "ma.L2": 0.025748309238905934,
        "sigma2": 0.0001358068205989227
    }
}