{
    "profile_class": "BUSHIPV_COAST",
    "orders": {
        "ar": 2,
        "diff": 0,
        "ma": 4
    },
    "parameters": {
        "const": 33.89155756493453,
        "ar.L1": 1.6626903459562934,
        "ar.L2": -0.6821360529009632,
        "ma.L1": 0.02952788473466394,
        "ma.L2": 0.11812733051590009,
        "ma.L3": 0.033370756984682864,
        "ma.L4": 0.17235822154242614,
        "sigma2": 0.031826555053230086
    }
}