{
    "profile_class": "BUSNODEM_WEST",
    "orders": {
        "ar": 4,
        "diff": 0,
        "ma": 4
    },
    "parameters": {
        "const": 0.10810744862167666,
        "ar.L1": 0.964752665459061,
        "ar.L2": 0.09754044274705147,
        "ar.L3": -0.05565195425361672,
        "ar.L4": -0.05187799607987426,
        "ma.L1": 0.856471734850451,
        "ma.L2": 0.5514477168659444,
        "ma.L3": 0.30407543774564827,
        "ma.L4": -0.018435544256663744,
        "sigma2": 6.996523636223826e-06
    }
}