{
    "profile_class": "BUSNODEM_EAST",
    "orders": {
        "ar": 4,
        "diff": 1,
        "ma": 4
    },
    "parameters": {
        "ar.L1": 0.4727606934512806,
        "ar.L2": 0.43880818058480164,
        "ar.L3": 0.37319962481122027,
        "ar.L4": -0.44794076579179615,
        "ma.L1": 0.23151543280552817,
        "ma.L2": -0.185806098718737,
        "ma.L3": -0.5664234400630263,
        "ma.L4": -0.10552833981681857,
        "sigma2": 5.973211300023448e-06
    }
}