{
    "profile_class": "BUSLOPV_EAST",
    "orders": {
        "ar": 4,
        "diff": 1,
        "ma": 3
    },
    "parameters": {
        "ar.L1": -0.3089366789636281,
        "ar.L2": -0.22215898116435606,
        "ar.L3": -0.07310320038591278,
        "ar.L4": 0.7847934408200499,
        "ma.L1": 1.0651938809206816,
        "ma.L2": 1.1266118531319615,
        "ma.L3": 0.8899377825522584,
        "sigma2": 0.005596586923270714
    }
}