{
    "profile_class": "BUSLOLF_WEST",
    "orders": {
        "ar": 2,
        "diff": 0,
        "ma": 3
    },
    "parameters": {
        "const": 1.186825254691854,
        "ar.L1": 1.8417352219308731,
        "ar.L2": -0.8476622857261368,
        "ma.L1": -0.3411368929583904,
        "ma.L2": 0.008604978231629583,
        "ma.L3": -0.0604894863742144,
        "sigma2": 0.0010990101670532502
    }
}