{
    "profile_class": "BUSIDRRQ_SCENT",
    "orders": {
        "ar": 2,
        "diff": 1,
        "ma": 2
    },
    "parameters": {
        "ar.L1": 1.9534554494969254,
        "ar.L2": -0.9576766216886788,
        "ma.L1": -1.6314125316262638,
        "ma.L2": 0.6410963328131851,
        "sigma2": 2.520090754416289
    }
}