{
    "profile_class": "BUSLOPV_NORTH",
    "orders": {
        "ar": 4,
        "diff": 1,
        "ma": 4
    },
    "parameters": {
        "ar.L1": -0.11402098811842293,
        "ar.L2": -0.03813800849167262,
        "ar.L3": -0.02618814575863246,
        "ar.L4": 0.7145847605555151,
        "ma.L1": 0.9160259133928128,
        "ma.L2": 0.8196864771811324,
        "ma.L3": 0.6923268939458608,
        "ma.L4": 0.09845381585505189,
        "sigma2": 0.003637333512607107
    }
}