{
    "profile_class": "RESHIDG_COAST",
    "orders": {
        "ar": 3,
        "diff": 0,
        "ma": 4
    },
    "parameters": {
        "const": 0.4428220687387722,
        "ar.L1": 1.463747848114079,
        "ar.L2": -0.10891972423571761,
        "ar.L3": -0.35769790230556825,
        "ma.L1": 0.11711801229738775,
        "ma.L2": -0.11719005000490372,
        "ma.L3": -0.038987318053928494,
        "ma.L4": -0.25781428362708525,
        "sigma2": 0.00014007476302446922
    }
}