{
    "profile_class": "BUSIDRRQ_EAST",
    "orders": {
        "ar": 2,
        "diff": 1,
        "ma": 2
    },
    "parameters": {
        "ar.L1": 1.9467049314264067,
        "ar.L2": -0.951047242799152,
        "ma.L1": -1.5775315007837767,
        "ma.L2": 0.5873532166205703,
        "sigma2": 2.172063580499306
    }
}