{
    "profile_class": "BUSNODEM_FWEST",
    "orders": {
        "ar": 1,
        "diff": 0,
        "ma": 3
    },
    "parameters": {
        "const": 0.1342855657551259,
        "ar.L1": 0.9840965739764788,
        "ma.L1": 0.3066845637138295,
        "ma.L2": 0.19096656134836942,
        "ma.L3": 0.08922139156232625,
        "sigma2": 9.808027301534697e-06
    }
}