{
    "profile_class": "RESLOPV_COAST",
    "orders": {
        "ar": 4,
        "diff": 0,
        "ma": 4
    },
    "parameters": {
        "const": 0.37757587652648905,
        "ar.L1": 2.0084496581546216,
        "ar.L2": -0.7835725045508839,
        "ar.L3": -0.5176269334513603,
        "ar.L4": 0.28938416292971947,
        "ma.L1": -0.12581288927153375,
        "ma.L2": -0.2771275155552421,
        "ma.L3": 0.023294753922973567,
        "ma.L4": -0.09917012339676624,
        "sigma2": 8.390770066766355e-05
    }
}