{
    "profile_class": "BUSHIPV_WEST",
    "orders": {
        "ar": 4,
        "diff": 0,
        "ma": 1
    },
    "parameters": {
        "const": 24.882728461185803,
        "ar.L1": 2.385629653885039,
        "ar.L2": -1.9184590074897365,
        "ar.L3": 0.6186223709526137,
        "ar.L4": -0.08899661545126214,
        "ma.L1": -0.7358881936431039,
        "sigma2": 0.011663492831852538
    }
}