{
    "profile_class": "RESLODG_SOUTH",
    "orders": {
        "ar": 3,
        "diff": 0,
        "ma": 4
    },
    "parameters": {
        "const": 0.3676191462242012,
        "ar.L1": 1.8250955175571746,
        "ar.L2": -0.6778870720268362,
        "ar.L3": -0.14906261155404324,
        "ma.L1": -0.23965437988899047,
        "ma.L2": -0.09463494171232964,
        "ma.L3": -0.12471281057246757,
        "ma.L4": -0.29043231474288844,
        "sigma2": 3.1010701430063754e-05
    }
}