{
    "profile_class": "RESHIWR_EAST",
    "orders": {
        "ar": 4,
        "diff": 0,
        "ma": 4
    },
    "parameters": {
        "const": 0.4628224462991505,
        "ar.L1": 1.747620118675457,
        "ar.L2": -0.4241650117153397,
        "ar.L3": -0.479825130507699,
        "ar.L4": 0.15277470892980088,
        "ma.L1": -0.19185452654223978,
        "ma.L2": -0.21122565611858113,
        "ma.L3": 0.03324799834574424,
        "ma.L4": -0.17703471442862834,
        "sigma2": 7.592704827898321e-05
    }
}