{
    "profile_class": "RESHIWR_COAST",
    "orders": {
        "ar": 2,
        "diff": 0,
        "ma": 1
    },
    "parameters": {
        "const": 0.4013918721818371,
        "ar.L1": 1.7951677723048665,
        "ar.L2": -0.7998512752469573,
        "ma.L1": -0.4935866011956136,
        "sigma2": 0.000264024646600338
    }
}