{
    "profile_class": "RESHIPV_FWEST",
    "orders": {
        "ar": 2,
        "diff": 0,
        "ma": 1
    },
    "parameters": {
        "const": 0.45934707020556675,
        "ar.L1": 1.8773401202883182,
        "ar.L2": -0.8862940531494578,
        "ma.L1": -0.4522940142214401,
        "sigma2": 0.0008248189049159683
    }
}