{
    "profile_class": "RESLOWD_EAST",
    "orders": {
        "ar": 4,
        "diff": 0,
        "ma": 4
    },
    "parameters": {
        "const": 0.38004419599329686,
        "ar.L1": 1.5908240616610598,
        "ar.L2": -0.2977266542955711,
        "ar.L3": -0.2541708223500704,
        "ar.L4": -0.041196098391916895,
        "ma.L1": -0.04125356194538493,
        "ma.L2": -0.11123943273041473,
        "ma.L3": -0.09966116319501543,
        "ma.L4": -0.22290205550574727,
        "sigma2": 3.426028909883968e-05
    }
}