{
    "profile_class": "RESHIWR_EAST",
    "orders": {
        "ar": 4,
        "diff": 0,
        "ma": 0
    },
    "parameters": {
        "const": 0.5680747819266126,
        "ar.L1": 1.3563329955682928,
        "ar.L2": -0.18237517886570795,
        "ar.L3": -0.11462285826803777,
        "ar.L4": -0.06797823612944554,
        "sigma2": 0.00047138151238219336
    }
}