{
    "profile_class": "BUSHIPV_SOUTH",
    "orders": {
        "ar": 4,
        "diff": 0,
        "ma": 1
    },
    "parameters": {
        "const": 24.14529105152524,
        "ar.L1": 0.7868286923561634,
        "ar.L2": 0.9316848427939519,
        "ar.L3": -0.6857706459225721,
        "ar.L4": -0.050586539908463526,
        "ma.L1": 0.8964923935735675,
        "sigma2": 0.01743156111435405
    }
}