{
    "profile_class": "BUSNODPV_EAST",
    "orders": {
        "ar": 2,
        "diff": 0,
        "ma": 4
    },
    "parameters": {
        "const": 0.28306829574447434,
        "ar.L1": 1.9394880309915048,
        "ar.L2": -0.9464430939189776,
        "ma.L1": 0.09035331344104802,
        "ma.L2": -0.4243234137432728,
        "ma.L3": -0.3816046910744627,
        "ma.L4": -0.07721984199750513,
        "sigma2": 0.00036208844362039323
    }
}