{
    "profile_class": "BUSNODPV_NCENT",
    "orders": {
        "ar": 4,
        "diff": 0,
        "ma": 3
    },
    "parameters": {
        "const": 0.3288967127721141,
        "ar.L1": 2.894023446675574,
        "ar.L2": -3.5092183475772996,
        "ar.L3": 2.20474651060782,
        "ar.L4": -0.5978400309954057,
        "ma.L1": -0.8647319189696334,
        "ma.L2": 0.2658126892388152,
        "ma.L3": 0.2201302817398401,
        "sigma2": 0.0003228871132784819
    }
}