{
    "profile_class": "BUSIDRRQ_FWEST",
    "orders": {
        "ar": 2,
        "diff": 1,
        "ma": 2
    },
    "parameters": {
        "ar.L1": 1.9534645880918013,
        "ar.L2": -0.9576874330625849,
        "ma.L1": -1.6311493563597292,
        "ma.L2": 0.6408412798658804,
        "sigma2": 2.518579877510513
    }
}