{
    "profile_class": "NMLIGHT_SOUTH",
    "orders": {
        "ar": 4,
        "diff": 0,
        "ma": 4
    },
    "parameters": {
        "const": 0.47623102267435186,
        "ar.L1": 2.2109811401357633,
        "ar.L2": -1.5747005126938427,
        "ar.L3": 0.46355372797267896,
        "ar.L4": -0.1030673224305411,
        "ma.L1": 0.01036121361258191,
        "ma.L2": 0.012679984331669558,
        "ma.L3": 0.014345339416124703,
        "ma.L4": -0.9734007876733585,
        "sigma2": 0.0007259636697340982
    }
}