{
    "profile_class": "BUSNODEM_NCENT",
    "orders": {
        "ar": 2,
        "diff": 0,
        "ma": 3
    },
    "parameters": {
        "const": 0.17542851380901262,
        "ar.L1": 1.5409216640283936,
        "ar.L2": -0.5583078572835379,
        "ma.L1": -0.01596492438732195,
        "ma.L2": 0.15594664394086505,
        "ma.L3": 0.09283466559266665,
        "sigma2": 2.7495768554639096e-05
    }
}