{
    "profile_class": "BUSNODWD_COAST",
    "orders": {
        "ar": 4,
        "diff": 1,
        "ma": 4
    },
    "parameters": {
        "ar.L1": -0.3180740250189004,
        "ar.L2": 0.312367044406638,
        "ar.L3": 0.324600184367905,
        "ar.L4": -0.3586974443747879,
        "ma.L1": 1.2199136001659787,
        "ma.L2": 0.7972719896446196,
        "ma.L3": 0.3117659539158691,
        "ma.L4": 0.2511111850119408,
        "sigma2": 1.0475048420012077e-05
    }
}