{
    "profile_class": "RESLOPV_NCENT",
    "orders": {
        "ar": 4,
        "diff": 0,
        "ma": 2
    },
    "parameters": {
        "const": 0.3703058279270254,
        "ar.L1": 2.548500972276111,
        "ar.L2": -2.594058784268342,
        "ar.L3": 1.44397033044245,
        "ar.L4": -0.40340684349351114,
        "ma.L1": -0.6262095535401357,
        "ma.L2": 0.49829033847376514,
        "sigma2": 9.131021225041973e-05
    }
}