{
    "profile_class": "BUSHIPV_SCENT",
    "orders": {
        "ar": 4,
        "diff": 0,
        "ma": 4
    },
    "parameters": {
        "const": 38.35591401395249,
        "ar.L1": 1.5553898589083297,
        "ar.L2": -1.2656467141855696,
        "ar.L3": 1.4210038777442722,
        "ar.L4": -0.7237365041705742,
        "ma.L1": 0.14021691343797646,
        "ma.L2": 0.7948453105078681,
        "ma.L3": -0.19229964720625337,
        "ma.L4": -0.061148109300475276,
        "sigma2": 0.07792405931832072
    }
}