{
    "profile_class": "BUSLOLF_WEST",
    "orders": {
        "ar": 4,
        "diff": 0,
        "ma": 4
    },
    "parameters": {
        "const": 1.4295661049133772,
        "ar.L1": 1.775297929628135,
        "ar.L2": -0.04484989953512714,
        "ar.L3": -1.2766067430253258,
        "ar.L4": 0.5431337800044845,
        "ma.L1": 0.05864506630092813,
        "ma.L2": -0.6031107295141649,
        "ma.L3": -0.11485182357444716,
        "ma.L4": -0.020953392031441666,
        "sigma2": 0.0004987485022837438
    }
}