{
    "profile_class": "BUSHIPV_FWEST",
    "orders": {
        "ar": 4,
        "diff": 1,
        "ma": 4
    },
    "parameters": {
        "ar.L1": 1.4047059607815542,
        "ar.L2": -0.9371251255665123,
        "ar.L3": 1.4317007797920251,
        "ar.L4": -0.9366851648401929,
        "ma.L1": -1.046031323729178,
        "ma.L2": 0.7402653935985517,
        "ma.L3": -1.2453622364332704,
        "ma.L4": 0.5898929459810951,
        "sigma2": 0.00662483290476098
    }
}