{
    "profile_class": "RESHIDG_SOUTH",
    "orders": {
        "ar": 2,
        "diff": 0,
        "ma": 4
    },
    "parameters": {
        "const": 0.43880267781760945,
        "ar.L1": 1.8352466573851485,
        "ar.L2": -0.837471162718062,
        "ma.L1": -0.3265904222862981,
        "ma.L2": 0.0021183720752931934,
        "ma.L3": -0.013789038652246292,
        "ma.L4": -0.08429308777735282,
        "sigma2": 0.00012183938192725956
    }
}