{
    "profile_class": "BUSMEDWD_FWEST",
    "orders": {
        "ar": 4,
        "diff": 0,
        "ma": 4
    },
    "parameters": {
        "const": 2.9923818590598907,
        "ar.L1": 1.6110430000994356,
        "ar.L2": -1.184228778989228,
        "ar.L3": 1.173328950460007,
        "ar.L4": -0.6113510007574003,
        "ma.L1": -0.07474021712202629,
        "ma.L2": 0.6144475702502359,
        "ma.L3": -0.32305076267381216,
        "ma.L4": 0.0881142213643138,
        "sigma2": 0.0008926651377699711
    }
}