{
    "profile_class": "RESLOPV_NCENT",
    "orders": {
        "ar": 4,
        "diff": 0,
        "ma": 4
    },
    "parameters": {
        "const": 0.22615673244600595,
        "ar.L1": 2.913702057992736,
        "ar.L2": -3.3121601996729466,
        "ar.L3": 1.8057475022072245,
        "ar.L4": -0.4134079074386911,
        "ma.L1": -1.1100820594895147,
        "ma.L2": 0.5553780711180784,
        "ma.L3": -0.02638968028338791,
        "ma.L4": -0.046112948934306584,
        "sigma2": 0.00013292998522786693
    }
}