{
    "profile_class": "BUSNODWD_NCENT",
    "orders": {
        "ar": 4,
        "diff": 0,
        "ma": 4
    },
    "parameters": {
        "const": 0.18038506031779458,
        "ar.L1": 1.6445919702960825,
        "ar.L2": -0.3382353733098529,
        "ar.L3": -0.5758342266076621,
        "ar.L4": 0.2524354148121129,
        "ma.L1": 0.25062794331811744,
        "ma.L2": -0.15066403145429275,
        "ma.L3": 0.02692137453367491,
        "ma.L4": -0.07811688992613361,
        "sigma2": 1.2443011557919209e-05
    }
}