{
    "profile_class": "BUSHILF_NORTH",
    "orders": {
        "ar": 2,
        "diff": 0,
        "ma": 1
    },
    "parameters": {
        "const": 10.496684045553188,
        "ar.L1": 1.7114995752058078,
        "ar.L2": -0.7138693201468903,
        "ma.L1": -0.5159657248180082,
        "sigma2": 0.021589353752841663
    }
}