{
    "profile_class": "BUSLOLF_SCENT",
    "orders": {
        "ar": 3,
        "diff": 0,
        "ma": 4
    },
    "parameters": {
        "const": 1.4582604277054128,
        "ar.L1": 1.4170546785579263,
        "ar.L2": 0.004332401747727865,
        "ar.L3": -0.42950162978525463,
        "ma.L1": -0.027460544255822616,
        "ma.L2": -0.2073832463904482,
        "ma.L3": 0.02985870799009483,
        "ma.L4": 0.14549183921126901,
        "sigma2": 0.0012807799030548888
    }
}