{
    "profile_class": "BUSMEDDG_SOUTH",
    "orders": {
        "ar": 2,
        "diff": 0,
        "ma": 3
    },
    "parameters": {
        "const": 4.533538491601836,
        "ar.L1": 1.9914265361583594,
        "ar.L2": -0.9945946484473084,
        "ma.L1": -0.3864762115557374,
        "ma.L2": -0.14827149461847314,
        "ma.L3": -0.16600902036383455,
        "sigma2": 0.0015682426693403952
    }
}