{
    "profile_class": "BUSLODG_NORTH",
    "orders": {
        "ar": 4,
        "diff": 1,
        "ma": 3
    },
    "parameters": {
        "ar.L1": -0.03510442473815593,
        "ar.L2": -0.10050153431501418,
        "ar.L3": 0.09082470176834087,
        "ar.L4": 0.7014988283421417,
        "ma.L1": 0.7776036773217353,
        "ma.L2": 0.7817307696840655,
        "ma.L3": 0.5377967017569558,
        "sigma2": 0.0004446854334887664
    }
}