{
    "profile_class": "RESHIWR_NCENT",
    "orders": {
        "ar": 2,
        "diff": 0,
        "ma": 1
    },
    "parameters": {
        "const": 0.5258950742656742,
        "ar.L1": 1.839312208142534,
        "ar.L2": -0.842705673892752,
        "ma.L1": -0.5957535403806881,
        "sigma2": 0.000471417673954274
    }
}