{
    "profile_class": "BUSLODG_SOUTH",
    "orders": {
        "ar": 4,
        "diff": 2,
        "ma": 4
    },
    "parameters": {
        "ar.L1": -0.24323227571501027,
        "ar.L2": -0.16915569722155588,
        "ar.L3": 0.007137934536835311,
        "ar.L4": 0.8206307664535939,
        "ma.L1": 0.07171328447678615,
        "ma.L2": 0.07530273070665472,
        "ma.L3": -0.24085341885579892,
        "ma.L4": -0.8879419359345677,
        "sigma2": 0.00025856703757564775
    }
}