{
    "profile_class": "BUSMEDPV_NCENT",
    "orders": {
        "ar": 4,
        "diff": 1,
        "ma": 4
    },
    "parameters": {
        "ar.L1": 0.07004587121123251,
        "ar.L2": -0.10066900246260102,
        "ar.L3": -0.17260272951113492,
        "ar.L4": 0.8718447362516207,
        "ma.L1": 0.6006147878258283,
        "ma.L2": 0.7299683787053866,
        "ma.L3": 0.7589417906179136,
        "ma.L4": -0.10697882785574551,
        "sigma2": 0.01851199752233533
    }
}