{
    "profile_class": "BUSLOPV_NCENT",
    "orders": {
        "ar": 4,
        "diff": 1,
        "ma": 4
    },
    "parameters": {
        "ar.L1": 0.042479840231146454,
        "ar.L2": -0.059038690986063236,
        "ar.L3": -0.06408787381426148,
        "ar.L4": 0.6800971652368067,
        "ma.L1": 0.7759194334157086,
        "ma.L2": 0.8016691622627009,
        "ma.L3": 0.7290340476884706,
        "ma.L4": 0.16162727168036123,
        "sigma2": 0.007168342901137434
    }
}