{
    "profile_class": "RESLOWR_SCENT",
    "orders": {
        "ar": 2,
        "diff": 0,
        "ma": 4
    },
    "parameters": {
        "const": 0.2322171063102317,
        "ar.L1": 1.8948800658716292,
        "ar.L2": -0.9019786595490316,
        "ma.L1": -0.4031098043650516,
        "ma.L2": 0.0024337088940441344,
        "ma.L3": -0.054750710598129776,
        "ma.L4": -0.1041242640379649,
        "sigma2": 3.2335322391633844e-05
    }
}