{
    "profile_class": "BUSHILF_WEST",
    "orders": {
        "ar": 3,
        "diff": 1,
        "ma": 4
    },
    "parameters": {
        "ar.L1": 0.9984104812664042,
        "ar.L2": 0.9773255267174952,
        "ar.L3": -0.9838458591205538,
        "ma.L1": -0.897705902100874,
        "ma.L2": -1.0593425531194973,
        "ma.L3": 0.8722813137030245,
        "ma.L4": 0.09203106379670199,
        "sigma2": 0.011291958823449206
    }
}