{
    "profile_class": "BUSMEDPV_EAST",
    "orders": {
        "ar": 4,
        "diff": 0,
        "ma": 4
    },
    "parameters": {
        "const": 13.177411391761398,
        "ar.L1": 1.8645143559226287,
        "ar.L2": -1.7322479317184876,
        "ar.L3": 1.8511808017860056,
        "ar.L4": -0.9921959549489385,
        "ma.L1": -0.28838613816486985,
        "ma.L2": 0.8189969475465239,
        "ma.L3": -0.4540650664613753,
        "ma.L4": -0.08928880822655208,
        "sigma2": 0.013203680831420437
    }
}