{
    "profile_class": "RESLOWR_NORTH",
    "orders": {
        "ar": 4,
        "diff": 0,
        "ma": 4
    },
    "parameters": {
        "const": 0.3287779312183812,
        "ar.L1": 1.6011346646694127,
        "ar.L2": -0.045618756508604884,
        "ar.L3": -0.7837518103438228,
        "ar.L4": 0.22576097624252797,
        "ma.L1": 0.057635884953778894,
        "ma.L2": -0.2890403534711317,
        "ma.L3": 0.018999841516871813,
        "ma.L4": -0.1398681682899254,
        "sigma2": 2.0857490732906914e-05
    }
}