{
    "profile_class": "BUSNODPV_EAST",
    "orders": {
        "ar": 3,
        "diff": 0,
        "ma": 3
    },
    "parameters": {
        "const": 0.24501440703555818,
        "ar.L1": 2.3389352764331464,
        "ar.L2": -1.7050375932966675,
        "ar.L3": 0.3639220916640396,
        "ma.L1": -0.3049749587289454,
        "ma.L2": -0.44372950340985196,
        "ma.L3": -0.21267195193209001,
        "sigma2": 0.00028008765657811966
    }
}