{
    "profile_class": "BUSNODEM_NORTH",
    "orders": {
        "ar": 3,
        "diff": 0,
        "ma": 3
    },
    "parameters": {
        "const": 0.13642899113087475,
        "ar.L1": 1.0562698543419975,
        "ar.L2": 0.02847144381293297,
        "ar.L3": -0.11069524182908853,
        "ma.L1": 0.6546464377978513,
        "ma.L2": 0.46528291735944627,
        "ma.L3": 0.38819192830683846,
        "sigma2": 7.900165501134589e-06
    }
}