{
    "profile_class": "BUSLOLF_NORTH",
    "orders": {
        "ar": 3,
        "diff": 0,
        "ma": 3
    },
    "parameters": {
        "const": 1.4537715636485997,
        "ar.L1": 1.1287694287415793,
        "ar.L2": 0.6352999909132027,
        "ar.L3": -0.771849683730696,
        "ma.L1": 0.6604845403417582,
        "ma.L2": -0.12311137253795712,
        "ma.L3": -0.15881967172590827,
        "sigma2": 0.0003743488420611041
    }
}