{
    "profile_class": "BUSMEDPV_SOUTH",
    "orders": {
        "ar": 2,
        "diff": 0,
        "ma": 3
    },
    "parameters": {
        "const": 12.070307253342786,
        "ar.L1": 1.9705622527048223,
        "ar.L2": -0.9739342547327846,
        "ma.L1": -0.36201900331999337,
        "ma.L2": -0.13168828761447507,
        "ma.L3": -0.15022514307878318,
        "sigma2": 0.012068882982439352
    }
}