{
    "profile_class": "BUSLOLF_SOUTH",
    "orders": {
        "ar": 3,
        "diff": 0,
        "ma": 3
    },
    "parameters": {
        "const": 0.9282397452599085,
        "ar.L1": 1.020697006642841,
        "ar.L2": 0.7055206920929634,
        "ar.L3": -0.7362804823825578,
        "ma.L1": 0.49194232218453765,
        "ma.L2": -0.2974659773677653,
        "ma.L3": -0.04828218341572923,
        "sigma2": 0.0004498551489514486
    }
}