{
    "profile_class": "RESHIWR_SCENT",
    "orders": {
        "ar": 4,
        "diff": 0,
        "ma": 1
    },
    "parameters": {
        "const": 0.4530467395949451,
        "ar.L1": 0.9775725916722003,
        "ar.L2": 0.3185407199024358,
        "ar.L3": -0.18286658923248428,
        "ar.L4": -0.12627374055171595,
        "ma.L1": 0.37742932831045245,
        "sigma2": 0.0004187804278823794
    }
}