{
    "profile_class": "RESHIWR_NORTH",
    "orders": {
        "ar": 4,
        "diff": 0,
        "ma": 4
    },
    "parameters": {
        "const": 0.44111917751400603,
        "ar.L1": 1.2107265322599405,
        "ar.L2": 0.03052498747626252,
        "ar.L3": -0.05120136646299378,
        "ar.L4": -0.20119287728728308,
        "ma.L1": 0.4963094939075776,
        "ma.L2": 0.26735160727929275,
        "ma.L3": 0.04785302811144597,
        "ma.L4": -0.0685042970412489,
        "sigma2": 8.492049905151792e-05
    }
}