{
    "profile_class": "RESLODG_COAST",
    "orders": {
        "ar": 3,
        "diff": 0,
        "ma": 4
    },
    "parameters": {
        "const": 0.2717004568817817,
        "ar.L1": 1.6128184157960974,
        "ar.L2": -0.355387489891332,
        "ar.L3": -0.26575737685376927,
        "ma.L1": -0.03547270902659527,
        "ma.L2": -0.007646200235747442,
        "ma.L3": -0.032269115983273575,
        "ma.L4": -0.22298874357943455,
        "sigma2": 2.6199030211328425e-05
    }
}