{
    "profile_class": "BUSNODEM_COAST",
    "orders": {
        "ar": 2,
        "diff": 0,
        "ma": 3
    },
    "parameters": {
        "const": 0.18016508876736675,
        "ar.L1": 1.4067634355333638,
        "ar.L2": -0.42832934758386554,
        "ma.L1": 0.1370284220097834,
        "ma.L2": 0.25140416933360193,
        "ma.L3": 0.15321573544696043,
        "sigma2": 2.1683210500969285e-05
    }
}