{
    "profile_class": "RESLOPV_EAST",
    "orders": {
        "ar": 4,
        "diff": 0,
        "ma": 4
    },
    "parameters": {
        "const": 0.17740853434147474,
        "ar.L1": 2.9127658802365954,
        "ar.L2": -3.333098085523912,
        "ar.L3": 1.8598112715396615,
        "ar.L4": -0.445370578156317,
        "ma.L1": -1.0361122292130525,
        "ma.L2": 0.4756702924523769,
        "ma.L3": -0.0013863597252138649,
        "ma.L4": -0.1404798040601759,
        "sigma2": 9.562267024990048e-05
    }
}