{
    "profile_class": "RESHIPV_NCENT",
    "orders": {
        "ar": 2,
        "diff": 1,
        "ma": 2
    },
    "parameters": {
        "ar.L1": 1.9051316039055362,
        "ar.L2": -0.9204745083802601,
        "ma.L1": -1.5108400071760784,
        "ma.L2": 0.5249744848012009,
        "sigma2": 0.0007589913476869569
    }
}