{
    "profile_class": "BUSHIPV_NCENT",
    "orders": {
        "ar": 4,
        "diff": 0,
        "ma": 4
    },
    "parameters": {
        "const": 40.206741173259694,
        "ar.L1": 1.9678500999121036,
        "ar.L2": -1.8039648543702058,
        "ar.L3": 1.4184944172817335,
        "ar.L4": -0.6009533393723316,
        "ma.L1": -0.2845958717123268,
        "ma.L2": 0.6240987040000958,
        "ma.L3": -0.1083786879830082,
        "ma.L4": 0.08593797203611042,
        "sigma2": 0.03930824053111757
    }
}