{
    "profile_class": "NMLIGHT_COAST",
    "orders": {
        "ar": 4,
        "diff": 0,
        "ma": 4
    },
    "parameters": {
        "const": 0.5208005818460063,
        "ar.L1": 2.2371100882706707,
        "ar.L2": -1.6999628487332519,
        "ar.L3": 0.6302597060124474,
        "ar.L4": -0.17226913347236322,
        "ma.L1": -0.2931057181246941,
        "ma.L2": 0.10573493521266737,
        "ma.L3": -0.15930359227257157,
        "ma.L4": -0.5391128437213955,
        "sigma2": 0.001274392284725855
    }
}