{
    "profile_class": "RESHIWR_NCENT",
    "orders": {
        "ar": 2,
        "diff": 0,
        "ma": 4
    },
    "parameters": {
        "const": 0.4136151891291004,
        "ar.L1": 1.932411973593327,
        "ar.L2": -0.9357172547929835,
        "ma.L1": -0.337250921984394,
        "ma.L2": 0.004399458018987243,
        "ma.L3": -0.04876527151509855,
        "ma.L4": -0.09209033252740062,
        "sigma2": 4.1454899296488155e-05
    }
}