{
    "profile_class": "BUSNODPV_FWEST",
    "orders": {
        "ar": 4,
        "diff": 0,
        "ma": 3
    },
    "parameters": {
        "const": 0.2429294792225604,
        "ar.L1": 2.332056049890755,
        "ar.L2": -1.8969026588207083,
        "ar.L3": 0.7572178628052302,
        "ar.L4": -0.19626484433720565,
        "ma.L1": -0.45260752740141375,
        "ma.L2": -0.20401949773844152,
        "ma.L3": -0.26384607019891937,
        "sigma2": 0.0004022786717507514
    }
}