{
    "profile_class": "BUSHILF_EAST",
    "orders": {
        "ar": 2,
        "diff": 0,
        "ma": 1
    },
    "parameters": {
        "const": 8.42847471964946,
        "ar.L1": 1.8716980494854325,
        "ar.L2": -0.8732815941732106,
        "ma.L1": -0.7158041227868809,
        "sigma2": 0.010972652313452142
    }
}