{
    "profile_class": "BUSIDRRQ_NORTH",
    "orders": {
        "ar": 2,
        "diff": 1,
        "ma": 2
    },
    "parameters": {
        "ar.L1": 1.9534696020462818,
        "ar.L2": -0.9576929653836816,
        "ma.L1": -1.6308393912944916,
        "ma.L2": 0.6405368606811899,
        "sigma2": 2.5165973808545923
    }
}