{
    "profile_class": "BUSNODPV_WEST",
    "orders": {
        "ar": 4,
        "diff": 0,
        "ma": 3
    },
    "parameters": {
        "const": 0.18781121203997247,
        "ar.L1": 2.653980798107673,
        "ar.L2": -2.844185419337517,
        "ar.L3": 1.5762933835448545,
        "ar.L4": -0.3946153591339196,
        "ma.L1": -0.9081922374666269,
        "ma.L2": 0.1903483129054386,
        "ma.L3": 0.17232942028711165,
        "sigma2": 0.0002997659046840691
    }
}