{
    "profile_class": "BUSHIWD_EAST",
    "orders": {
        "ar": 2,
        "diff": 0,
        "ma": 4
    },
    "parameters": {
        "const": 10.563440282470976,
        "ar.L1": 1.927814682247226,
        "ar.L2": -0.9296469430769592,
        "ma.L1": -0.3950809161641489,
        "ma.L2": -0.08570460329875278,
        "ma.L3": -0.06724331406066446,
        "ma.L4": -0.041959047546018306,
        "sigma2": 0.0033634088591445463
    }
}