{
    "profile_class": "BUSNODPV_SCENT",
    "orders": {
        "ar": 2,
        "diff": 0,
        "ma": 4
    },
    "parameters": {
        "const": 0.2900162542850631,
        "ar.L1": 1.9239416266309342,
        "ar.L2": -0.932611052590272,
        "ma.L1": 0.11988277279226886,
        "ma.L2": -0.277105325013383,
        "ma.L3": -0.2991707806838341,
        "ma.L4": -0.1893035580526461,
        "sigma2": 0.000330174947482809
    }
}