{
    "profile_class": "BUSLODG_FWEST",
    "orders": {
        "ar": 4,
        "diff": 0,
        "ma": 4
    },
    "parameters": {
        "const": 1.4685572755099099,
        "ar.L1": 1.488531390291407,
        "ar.L2": 0.1915869262404133,
        "ar.L3": -1.0117311461625467,
        "ar.L4": 0.3247249236680537,
        "ma.L1": 0.3227189453927889,
        "ma.L2": -0.3113146297474766,
        "ma.L3": 0.04684212416272843,
        "ma.L4": 0.1737139987171866,
        "sigma2": 0.0005101021890048156
    }
}