{
    "profile_class": "BUSHIPV_EAST",
    "orders": {
        "ar": 2,
        "diff": 1,
        "ma": 2
    },
    "parameters": {
        "ar.L1": 1.8493951367626758,
        "ar.L2": -0.8554247050731149,
        "ma.L1": -1.365299030568611,
        "ma.L2": 0.36599926746238903,
        "sigma2": 0.025746681931880094
    }
}