{
    "profile_class": "NMLIGHT_NORTH",
    "orders": {
        "ar": 3,
        "diff": 0,
        "ma": 4
    },
    "parameters": {
        "const": 0.5282837551312677,
        "ar.L1": 2.154565448566488,
        "ar.L2": -1.349673543802826,
        "ar.L3": 0.19243788880340693,
        "ma.L1": -0.19229689486791332,
        "ma.L2": -0.04458675633081965,
        "ma.L3": -0.14174699666294477,
        "ma.L4": -0.5508189340570556,
        "sigma2": 0.0012540476358010658
    }
}