{
    "profile_class": "RESLODG_WEST",
    "orders": {
        "ar": 4,
        "diff": 0,
        "ma": 4
    },
    "parameters": {
        "const": 0.3159069620246906,
        "ar.L1": 1.7087812820858517,
        "ar.L2": -0.257219034755576,
        "ar.L3": -0.6629480126107741,
        "ar.L4": 0.2090697946883441,
        "ma.L1": -0.07889655607933577,
        "ma.L2": -0.2685045694399898,
        "ma.L3": 0.008379389446616337,
        "ma.L4": -0.1983266609688496,
        "sigma2": 2.5339177064243153e-05
    }
}