{
    "profile_class": "BUSHIDG_WEST",
    "orders": {
        "ar": 4,
        "diff": 0,
        "ma": 4
    },
    "parameters": {
        "const": 10.289037340178316,
        "ar.L1": 3.0157962502256637,
        "ar.L2": -3.5434377730439235,
        "ar.L3": 2.026019578427154,
        "ar.L4": -0.49895954258168906,
        "ma.L1": -1.4276276011977083,
        "ma.L2": 0.7445534421778642,
        "ma.L3": -0.09263837607789702,
        "ma.L4": -0.11202734302260527,
        "sigma2": 0.0018221777799356316
    }
}