{
    "profile_class": "BUSHIDG_FWEST",
    "orders": {
        "ar": 4,
        "diff": 0,
        "ma": 3
    },
    "parameters": {
        "const": 8.08624910968351,
        "ar.L1": 1.2516956925356721,
        "ar.L2": -0.8127378282074789,
        "ar.L3": 1.2889948312876518,
        "ar.L4": -0.7374660997393326,
        "ma.L1": 0.13364144737033778,
        "ma.L2": 0.7202473727347273,
        "ma.L3": -0.42474780217827107,
        "sigma2": 0.000721444460072014
    }
}