{
    "profile_class": "BUSMEDLF_COAST",
    "orders": {
        "ar": 4,
        "diff": 0,
        "ma": 4
    },
    "parameters": {
        "const": 4.916837202915577,
        "ar.L1": 1.9558927820936358,
        "ar.L2": -1.7284272899408446,
        "ar.L3": 1.507397195665261,
        "ar.L4": -0.7398726069836364,
        "ma.L1": -0.6370640960474802,
        "ma.L2": 0.712374822329519,
        "ma.L3": -0.4662136066193735,
        "ma.L4": 0.007560883898950839,
        "sigma2": 0.004755564881714125
    }
}