{
    "profile_class": "RESHIWR_SCENT",
    "orders": {
        "ar": 4,
        "diff": 0,
        "ma": 4
    },
    "parameters": {
        "const": 0.39781420622335084,
        "ar.L1": 1.8313837269343425,
        "ar.L2": -0.5595426983476898,
        "ar.L3": -0.45431235335114933,
        "ar.L4": 0.17879059949414475,
        "ma.L1": -0.1945907512310062,
        "ma.L2": -0.21269490292988383,
        "ma.L3": 0.028311739426003367,
        "ma.L4": -0.21091184325517,
        "sigma2": 5.8657295940921973e-05
    }
}