{
    "profile_class": "RESLOWD_COAST",
    "orders": {
        "ar": 3,
        "diff": 0,
        "ma": 4
    },
    "parameters": {
        "const": 0.477318100216286,
        "ar.L1": 1.5915261308333677,
        "ar.L2": -0.23381388426178729,
        "ar.L3": -0.3610389867008797,
        "ma.L1": 0.0032498548943206028,
        "ma.L2": -0.09959798864452349,
        "ma.L3": -0.037827669995385255,
        "ma.L4": -0.15664918415513765,
        "sigma2": 3.487234403751586e-05
    }
}