{
    "profile_class": "BUSHILF_SOUTH",
    "orders": {
        "ar": 2,
        "diff": 0,
        "ma": 1
    },
    "parameters": {
        "const": 8.531338872058932,
        "ar.L1": 1.687246765735202,
        "ar.L2": -0.6890987816588737,
        "ma.L1": -0.47476868556590773,
        "sigma2": 0.012866824490446734
    }
}