{
    "profile_class": "BUSIDRRQ_COAST",
    "orders": {
        "ar": 2,
        "diff": 1,
        "ma": 2
    },
    "parameters": {
        "ar.L1": 1.9534503267104637,
        "ar.L2": -0.9576716131192355,
        "ma.L1": -1.6314904758068436,
        "ma.L2": 0.6411762445395609,
        "sigma2": 2.521098464910099
    }
}