{
    "profile_class": "BUSHIPV_COAST",
    "orders": {
        "ar": 3,
        "diff": 0,
        "ma": 1
    },
    "parameters": {
        "const": 39.41270982232687,
        "ar.L1": 0.9492843425225309,
        "ar.L2": 0.6744544301312038,
        "ar.L3": -0.6308287320060038,
        "ma.L1": 0.7464376065411319,
        "sigma2": 0.03905426463455518
    }
}