{
    "profile_class": "RESHIWD_NORTH",
    "orders": {
        "ar": 4,
        "diff": 1,
        "ma": 4
    },
    "parameters": {
        "ar.L1": 0.4064909629951168,
        "ar.L2": -0.1141854536682838,
        "ar.L3": 0.6927694394280972,
        "ar.L4": -0.37724401637847327,
        "ma.L1": 0.21004934998076852,
        "ma.L2": 0.4135391753413595,
        "ma.L3": -0.47866964944542634,
        "ma.L4": 0.07370171704972923,
        "sigma2": 0.0003643263585999157
    }
}