{
    "profile_class": "RESLOPV_COAST",
    "orders": {
        "ar": 3,
        "diff": 0,
        "ma": 4
    },
    "parameters": {
        "const": 0.19317604012911727,
        "ar.L1": 2.475447036256414,
        "ar.L2": -2.0067955611775217,
        "ar.L3": 0.5269311428082769,
        "ma.L1": -0.6678305531688128,
        "ma.L2": 0.020450207648139228,
        "ma.L3": -0.004154348259300805,
        "ma.L4": -0.1327443958145273,
        "sigma2": 0.00010730077411176138
    }
}