{
    "profile_class": "BUSMEDWD_EAST",
    "orders": {
        "ar": 3,
        "diff": 0,
        "ma": 3
    },
    "parameters": {
        "const": 5.968135999746881,
        "ar.L1": 2.251130519669891,
        "ar.L2": -1.525559515697021,
        "ar.L3": 0.27223401425374827,
        "ma.L1": -0.6222526949225085,
        "ma.L2": -0.015019054404273424,
        "ma.L3": -0.06863717791795604,
        "sigma2": 0.0025081591735890522
    }
}