{
    "profile_class": "BUSNODEM_SCENT",
    "orders": {
        "ar": 2,
        "diff": 0,
        "ma": 4
    },
    "parameters": {
        "const": 0.15779904253200933,
        "ar.L1": 1.8419073249074602,
        "ar.L2": -0.8476609613154056,
        "ma.L1": -0.4028925631296365,
        "ma.L2": -0.020133939640387278,
        "ma.L3": -0.07724021590464694,
        "ma.L4": -0.1313990716307904,
        "sigma2": 2.1399503125018545e-05
    }
}