{
    "profile_class": "RESLOWD_SCENT",
    "orders": {
        "ar": 2,
        "diff": 0,
        "ma": 4
    },
    "parameters": {
        "const": 0.24605810965162753,
        "ar.L1": 1.8991819271778132,
        "ar.L2": -0.9074339023433319,
        "ma.L1": -0.1532671391839059,
        "ma.L2": 0.03270418593364599,
        "ma.L3": -0.07190535667115552,
        "ma.L4": -0.21737782779950693,
        "sigma2": 1.792524645073241e-05
    }
}