{
    "profile_class": "RESLOPV_NORTH",
    "orders": {
        "ar": 3,
        "diff": 0,
        "ma": 4
    },
    "parameters": {
        "const": 0.2371480438673655,
        "ar.L1": 2.553546025765014,
        "ar.L2": -2.13978015970757,
        "ar.L3": 0.583914611021716,
        "ma.L1": -0.5453650693308458,
        "ma.L2": -0.06024305632453787,
        "ma.L3": -0.07869089721071566,
        "ma.L4": -0.08226542511446282,
        "sigma2": 7.343659301819142e-05
    }
}