{
    "profile_class": "RESLODG_FWEST",
    "orders": {
        "ar": 2,
        "diff": 0,
        "ma": 4
    },
    "parameters": {
        "const": 0.3115408598568375,
        "ar.L1": 1.960304626982454,
        "ar.L2": -0.9632231765536139,
        "ma.L1": -0.25240197713408946,
        "ma.L2": 0.012739669998668756,
        "ma.L3": -0.08922050028722339,
        "ma.L4": -0.19909639921356995,
        "sigma2": 2.6953069989392043e-05
    }
}