{
    "profile_class": "BUSHIPV_NCENT",
    "orders": {
        "ar": 4,
        "diff": 0,
        "ma": 4
    },
    "parameters": {
        "const": 46.75412906374767,
        "ar.L1": 1.9441928615646018,
        "ar.L2": -1.5243065924928363,
        "ar.L3": 0.9916950674122845,
        "ar.L4": -0.4161776243069581,
        "ma.L1": -0.2713616442121033,
        "ma.L2": 0.408239884403596,
        "ma.L3": -0.0904969992391442,
        "ma.L4": 0.10073132436366491,
        "sigma2": 0.06048777989195815
    }
}