{
    "profile_class": "RESHIPV_COAST",
    "orders": {
        "ar": 2,
        "diff": 0,
        "ma": 4
    },
    "parameters": {
        "const": 0.30794763141021886,
        "ar.L1": 1.903754091535537,
        "ar.L2": -0.9122930056163006,
        "ma.L1": -0.07175966528979107,
        "ma.L2": 0.008216391993148338,
        "ma.L3": -0.023666490280855844,
        "ma.L4": -0.07996238349240005,
        "sigma2": 0.00010210540477850379
    }
}