{
    "profile_class": "BUSHILF_NCENT",
    "orders": {
        "ar": 2,
        "diff": 0,
        "ma": 1
    },
    "parameters": {
        "const": 14.074031480442216,
        "ar.L1": 1.800906953529531,
        "ar.L2": -0.8030381497987628,
        "ma.L1": -0.635544942514835,
        "sigma2": 0.038035694235941164
    }
}