{
    "profile_class": "BUSIDRRQ_EAST",
    "orders": {
        "ar": 2,
        "diff": 1,
        "ma": 2
    },
    "parameters": {
        "ar.L1": 1.9534591980487153,
        "ar.L2": -0.9576813313754997,
        "ma.L1": -1.631156284124034,
        "ma.L2": 0.6408476490799883,
        "sigma2": 2.51889227113363
    }
}