{
    "profile_class": "RESHIPV_WEST",
    "orders": {
        "ar": 3,
        "diff": 0,
        "ma": 4
    },
    "parameters": {
        "const": 0.29720925942720067,
        "ar.L1": 1.6078001295889228,
        "ar.L2": -0.3690336767148054,
        "ar.L3": -0.25239709310937075,
        "ma.L1": 0.2841622370776826,
        "ma.L2": 0.012635130639641272,
        "ma.L3": 0.021629746627743737,
        "ma.L4": -0.052469067725557275,
        "sigma2": 0.00010256858450087414
    }
}