{
    "profile_class": "BUSLOPV_FWEST",
    "orders": {
        "ar": 4,
        "diff": 1,
        "ma": 4
    },
    "parameters": {
        "ar.L1": 0.14810377514219375,
        "ar.L2": 0.016976048379571992,
        "ar.L3": -0.21141813149703093,
        "ar.L4": 0.5629303556623785,
        "ma.L1": 0.58781857331812,
        "ma.L2": 0.5352893876412885,
        "ma.L3": 0.6711215719238132,
        "ma.L4": 0.1552816450681307,
        "sigma2": 0.004546147998508254
    }
}