{
    "profile_class": "RESLOPV_FWEST",
    "orders": {
        "ar": 3,
        "diff": 0,
        "ma": 4
    },
    "parameters": {
        "const": 0.22052967927236813,
        "ar.L1": 2.0651890399395203,
        "ar.L2": -1.2246821429424901,
        "ar.L3": 0.15153061764541084,
        "ma.L1": -0.07559658562401682,
        "ma.L2": 0.0016198869440757144,
        "ma.L3": -0.05616546983991144,
        "ma.L4": -0.1360081849746458,
        "sigma2": 7.963000355165911e-05
    }
}