{
    "profile_class": "BUSNODDG_SOUTH",
    "orders": {
        "ar": 4,
        "diff": 0,
        "ma": 4
    },
    "parameters": {
        "const": 0.09514206167904056,
        "ar.L1": 1.5825608466690595,
        "ar.L2": -0.3823799139035769,
        "ar.L3": -0.3527322609270772,
        "ar.L4": 0.14338094180203753,
        "ma.L1": 0.05200836517493327,
        "ma.L2": -0.044455376703607996,
        "ma.L3": -0.005120709289532684,
        "ma.L4": -0.37115425057960727,
        "sigma2": 1.0480657861016836e-05
    }
}