{
    "profile_class": "BUSMEDLF_SCENT",
    "orders": {
        "ar": 3,
        "diff": 1,
        "ma": 2
    },
    "parameters": {
        "ar.L1": 2.0735780526054266,
        "ar.L2": -1.1653227607849734,
        "ar.L3": 0.08753354143192452,
        "ma.L1": -1.8483575664456167,
        "ma.L2": 0.853088491742543,
        "sigma2": 0.004710621002415254
    }
}