{
    "profile_class": "BUSHIDG_EAST",
    "orders": {
        "ar": 2,
        "diff": 0,
        "ma": 3
    },
    "parameters": {
        "const": 8.775075672700458,
        "ar.L1": 1.9363339373573418,
        "ar.L2": -0.9419944090666581,
        "ma.L1": -0.39324171768805893,
        "ma.L2": -0.11479223578909903,
        "ma.L3": -0.12466697082505529,
        "sigma2": 0.002054795070057647
    }
}