{
    "profile_class": "BUSNODEM_EAST",
    "orders": {
        "ar": 3,
        "diff": 0,
        "ma": 0
    },
    "parameters": {
        "const": 0.14029278954055024,
        "ar.L1": 1.3131822111749911,
        "ar.L2": -0.1701113295198384,
        "ar.L3": -0.15566939836684213,
        "sigma2": 1.4108608335626742e-05
    }
}