{
    "profile_class": "BUSIDRRQ_WEST",
    "orders": {
        "ar": 3,
        "diff": 0,
        "ma": 2
    },
    "parameters": {
        "const": 548.4743186904979,
        "ar.L1": 2.937294739528435,
        "ar.L2": -2.879495410297667,
        "ar.L3": 0.9421581310291587,
        "ma.L1": -1.5705792151384839,
        "ma.L2": 0.5846111330694264,
        "sigma2": 2.1601643554368932
    }
}