{
    "profile_class": "BUSHIPV_SOUTH",
    "orders": {
        "ar": 4,
        "diff": 1,
        "ma": 2
    },
    "parameters": {
        "ar.L1": 0.7091957804247757,
        "ar.L2": 0.9504537176231511,
        "ar.L3": -0.5741436376002295,
        "ar.L4": -0.10132456560383571,
        "ma.L1": -0.11096954625506872,
        "ma.L2": -0.8847771145611943,
        "sigma2": 0.017930513157221595
    }
}