{
    "profile_class": "BUSMEDLF_NORTH",
    "orders": {
        "ar": 2,
        "diff": 0,
        "ma": 3
    },
    "parameters": {
        "const": 3.596813628727213,
        "ar.L1": 1.9061451075570688,
        "ar.L2": -0.9082155193842246,
        "ma.L1": -0.6728662942395048,
        "ma.L2": -0.05511780943012778,
        "ma.L3": -0.04828423036418778,
        "sigma2": 0.003886014343284605
    }
}