{
    "profile_class": "BUSMEDLF_FWEST",
    "orders": {
        "ar": 4,
        "diff": 0,
        "ma": 3
    },
    "parameters": {
        "const": 2.8920024130838367,
        "ar.L1": 1.707235418925238,
        "ar.L2": -1.47707904005929,
        "ar.L3": 1.5043365530629416,
        "ar.L4": -0.739546231523024,
        "ma.L1": -0.4671347869271456,
        "ma.L2": 0.7519334939350826,
        "ma.L3": -0.5377381148934148,
        "sigma2": 0.002576806590879405
    }
}