{
    "profile_class": "BUSMEDPV_EAST",
    "orders": {
        "ar": 3,
        "diff": 1,
        "ma": 4
    },
    "parameters": {
        "ar.L1": 0.8091148620021463,
        "ar.L2": -0.8610039065861028,
        "ar.L3": 0.9258412933772577,
        "ma.L1": -0.14558638372911645,
        "ma.L2": 0.882595031899269,
        "ma.L3": -0.3059374397696453,
        "ma.L4": -0.034888000815779543,
        "sigma2": 0.01903523601211748
    }
}