{
    "profile_class": "BUSLOPV_NCENT",
    "orders": {
        "ar": 4,
        "diff": 0,
        "ma": 4
    },
    "parameters": {
        "const": 4.75488073119677,
        "ar.L1": 1.5532284000163212,
        "ar.L2": -0.5373370906155374,
        "ar.L3": 0.2439167738886798,
        "ar.L4": -0.26809849052927626,
        "ma.L1": 0.2554197745967938,
        "ma.L2": 0.3655554045826461,
        "ma.L3": -0.04825386060689235,
        "ma.L4": 0.2611363183814658,
        "sigma2": 0.0056903093783472825
    }
}