{
    "profile_class": "BUSNODWD_COAST",
    "orders": {
        "ar": 4,
        "diff": 0,
        "ma": 4
    },
    "parameters": {
        "const": 0.19921029515967337,
        "ar.L1": 1.9903683097823555,
        "ar.L2": -0.9349145220237457,
        "ar.L3": -0.27297119891256205,
        "ar.L4": 0.2090673662378879,
        "ma.L1": -0.12616599497812703,
        "ma.L2": -0.1465218798492579,
        "ma.L3": 0.042401916368128484,
        "ma.L4": -0.17501876279384537,
        "sigma2": 9.883347600365705e-06
    }
}