{
    "profile_class": "BUSHIWD_NCENT",
    "orders": {
        "ar": 4,
        "diff": 0,
        "ma": 4
    },
    "parameters": {
        "const": 17.100635506830553,
        "ar.L1": 1.923115455880641,
        "ar.L2": -1.484709413488185,
        "ar.L3": 0.9780495130622465,
        "ar.L4": -0.42059665094190746,
        "ma.L1": -0.23629234074956681,
        "ma.L2": 0.40971438867140264,
        "ma.L3": -0.09064219546984016,
        "ma.L4": 0.09494581194799297,
        "sigma2": 0.008035437272254007
    }
}