{
    "profile_class": "RESHIPV_SOUTH",
    "orders": {
        "ar": 2,
        "diff": 0,
        "ma": 4
    },
    "parameters": {
        "const": 0.3357191067802027,
        "ar.L1": 1.9068426218027201,
        "ar.L2": -0.9160926225395563,
        "ma.L1": -0.020921735805361958,
        "ma.L2": -0.00516770085481121,
        "ma.L3": 0.010680051776001627,
        "ma.L4": -0.04687409496499653,
        "sigma2": 8.075199504605574e-05
    }
}