{
    "profile_class": "BUSLODG_EAST",
    "orders": {
        "ar": 4,
        "diff": 1,
        "ma": 3
    },
    "parameters": {
        "ar.L1": -0.1167628150225313,
        "ar.L2": -0.12315520656242063,
        "ar.L3": 0.12491225574663685,
        "ar.L4": 0.8437136119942334,
        "ma.L1": 0.9208587193388997,
        "ma.L2": 1.0691674386483816,
        "ma.L3": 0.7379468559869148,
        "sigma2": 0.0005427108916173835
    }
}