{
    "profile_class": "BUSLOWD_WEST",
    "orders": {
        "ar": 4,
        "diff": 2,
        "ma": 4
    },
    "parameters": {
        "ar.L1": -0.29386577196476393,
        "ar.L2": -0.21763150988698032,
        "ar.L3": -0.06404659579405114,
        "ar.L4": 0.7843793918843588,
        "ma.L1": 0.08047880612748837,
        "ma.L2": 0.013076518775011356,
        "ma.L3": -0.21756217811923567,
        "ma.L4": -0.8680913924858876,
        "sigma2": 0.0005712330399522927
    }
}