{
    "profile_class": "BUSIDRRQ_SOUTH",
    "orders": {
        "ar": 3,
        "diff": 0,
        "ma": 2
    },
    "parameters": {
        "const": 548.6503587321935,
        "ar.L1": 2.9409994372146917,
        "ar.L2": -2.8868651056308443,
        "ar.L3": 0.9458483853606457,
        "ma.L1": -1.5740467753108545,
        "ma.L2": 0.5861715103986678,
        "sigma2": 2.160247245500658
    }
}