{
    "profile_class": "RESHIDG_WEST",
    "orders": {
        "ar": 3,
        "diff": 0,
        "ma": 4
    },
    "parameters": {
        "const": 0.5172305782888833,
        "ar.L1": 1.270921130488718,
        "ar.L2": 0.18961736198349233,
        "ar.L3": -0.4651437022317863,
        "ma.L1": 0.33075241966914826,
        "ma.L2": -0.1414491516584149,
        "ma.L3": -0.018871748014566016,
        "ma.L4": -0.0834689329616155,
        "sigma2": 0.00016134006406287512
    }
}