{
    "profile_class": "BUSMEDWD_WEST",
    "orders": {
        "ar": 4,
        "diff": 0,
        "ma": 3
    },
    "parameters": {
        "const": 2.870499770608612,
        "ar.L1": 1.248620491306888,
        "ar.L2": 0.590095913270758,
        "ar.L3": -1.0092448550054183,
        "ar.L4": 0.16434411666226942,
        "ma.L1": 0.3668306603791017,
        "ma.L2": -0.551890711248393,
        "ma.L3": -0.1720587577596506,
        "sigma2": 0.0006360977983181958
    }
}