{
    "profile_class": "BUSMEDPV_NORTH",
    "orders": {
        "ar": 4,
        "diff": 2,
        "ma": 4
    },
    "parameters": {
        "ar.L1": -0.08044275260851985,
        "ar.L2": -0.22952301415154575,
        "ar.L3": -0.3098015510573703,
        "ar.L4": 0.7323189472685643,
        "ma.L1": -0.23209297959249164,
        "ma.L2": 0.09972575842623144,
        "ma.L3": 0.06208957046928232,
        "ma.L4": -0.8948969299647133,
        "sigma2": 0.013629319673137909
    }
}