{
    "profile_class": "BUSMEDPV_SCENT",
    "orders": {
        "ar": 4,
        "diff": 0,
        "ma": 4
    },
    "parameters": {
        "const": 14.048984227112859,
        "ar.L1": 1.8636439921297114,
        "ar.L2": -1.6133627986018444,
        "ar.L3": 1.5609017529210136,
        "ar.L4": -0.8189885917136723,
        "ma.L1": -0.3457617661715853,
        "ma.L2": 0.7147268338595807,
        "ma.L3": -0.41986650659151503,
        "ma.L4": 0.11461825129886084,
        "sigma2": 0.010286895838214632
    }
}