{
    "profile_class": "BUSMEDPV_NORTH",
    "orders": {
        "ar": 4,
        "diff": 1,
        "ma": 3
    },
    "parameters": {
        "ar.L1": -0.39771174464364445,
        "ar.L2": -0.37951850523858077,
        "ar.L3": -0.17545911266311665,
        "ar.L4": 0.6360111898706274,
        "ma.L1": 1.0384628849393172,
        "ma.L2": 1.130114406006998,
        "ma.L3": 0.8546196698585287,
        "sigma2": 0.01082839418288911
    }
}