{
    "profile_class": "BUSIDRRQ_FWEST",
    "orders": {
        "ar": 2,
        "diff": 1,
        "ma": 2
    },
    "parameters": {
        "ar.L1": 1.9467032099646868,
        "ar.L2": -0.9510456579162743,
        "ma.L1": -1.5775836078404395,
        "ma.L2": 0.5874065406033606,
        "sigma2": 2.1726232797590486
    }
}