{
    "profile_class": "BUSLOWD_NCENT",
    "orders": {
        "ar": 4,
        "diff": 1,
        "ma": 4
    },
    "parameters": {
        "ar.L1": 0.04223819233310098,
        "ar.L2": -0.06109572644870595,
        "ar.L3": 0.01709895556518698,
        "ar.L4": 0.6821612641032653,
        "ma.L1": 0.7451519421287061,
        "ma.L2": 0.7740025121842966,
        "ma.L3": 0.6291235895669335,
        "ma.L4": 0.12042485794839734,
        "sigma2": 0.0008859067612759114
    }
}