{
    "profile_class": "BUSLODG_EAST",
    "orders": {
        "ar": 4,
        "diff": 1,
        "ma": 4
    },
    "parameters": {
        "ar.L1": -0.012528555553120269,
        "ar.L2": -0.06539593600153301,
        "ar.L3": -0.12427241960518107,
        "ar.L4": 0.6809569408470355,
        "ma.L1": 0.7249587025347374,
        "ma.L2": 0.6977177358452903,
        "ma.L3": 0.6889944029244222,
        "ma.L4": 0.057556500236410756,
        "sigma2": 0.0006888006714664558
    }
}