{
    "profile_class": "BUSMEDPV_WEST",
    "orders": {
        "ar": 4,
        "diff": 0,
        "ma": 4
    },
    "parameters": {
        "const": 7.5453008047101155,
        "ar.L1": 1.8403425801682298,
        "ar.L2": 0.025689584547130412,
        "ar.L3": -1.6329835466870302,
        "ar.L4": 0.7647553285577616,
        "ma.L1": -0.21365917856542627,
        "ma.L2": -0.9934408525683541,
        "ma.L3": 0.2129514868258129,
        "ma.L4": 0.2655919191162671,
        "sigma2": 0.005086733958830317
    }
}