{
    "profile_class": "BUSHIPV_NORTH",
    "orders": {
        "ar": 3,
        "diff": 1,
        "ma": 2
    },
    "parameters": {
        "ar.L1": 0.7096729367419898,
        "ar.L2": 0.9797671589917046,
        "ar.L3": -0.7298939949398008,
        "ma.L1": 0.0025182768719280713,
        "ma.L2": -0.9967863637511499,
        "sigma2": 0.031387807773541714
    }
}