{
    "profile_class": "BUSMEDDG_COAST",
    "orders": {
        "ar": 4,
        "diff": 1,
        "ma": 3
    },
    "parameters": {
        "ar.L1": 0.12449572887511152,
        "ar.L2": -0.08229314030112,
        "ar.L3": -0.11880184191719487,
        "ar.L4": 0.8865962659021879,
        "ma.L1": 0.6972024544316485,
        "ma.L2": 0.8235479522174438,
        "ma.L3": 0.8458927483392342,
        "sigma2": 0.002233139037448162
    }
}