{
    "profile_class": "RESLOWR_SOUTH",
    "orders": {
        "ar": 1,
        "diff": 0,
        "ma": 3
    },
    "parameters": {
        "const": 0.2030081842615337,
        "ar.L1": 0.9717582327302491,
        "ma.L1": 0.49193316935826215,
        "ma.L2": 0.44089880686035593,
        "ma.L3": 0.2826142069205603,
        "sigma2": 4.519754385005479e-05
    }
}