{
    "profile_class": "BUSHIPV_FWEST",
    "orders": {
        "ar": 4,
        "diff": 1,
        "ma": 4
    },
    "parameters": {
        "ar.L1": 1.2293014180196036,
        "ar.L2": -0.8725892361596407,
        "ar.L3": 1.3417646331163615,
        "ar.L4": -0.7784721784829848,
        "ma.L1": -0.7447846363492235,
        "ma.L2": 0.6839151050010333,
        "ma.L3": -1.070485614242453,
        "ma.L4": 0.3763159246419401,
        "sigma2": 0.006194241373608679
    }
}