{
    "profile_class": "BUSHIDG_SCENT",
    "orders": {
        "ar": 4,
        "diff": 0,
        "ma": 3
    },
    "parameters": {
        "const": 12.269686115325255,
        "ar.L1": 1.536315689299077,
        "ar.L2": -1.3085900386220026,
        "ar.L3": 1.4304170548676707,
        "ar.L4": -0.6949695115841658,
        "ma.L1": 0.15162493703198104,
        "ma.L2": 0.8699693766279568,
        "ma.L3": -0.11173292483187333,
        "sigma2": 0.007877551602067009
    }
}