{
    "profile_class": "BUSNODPV_NORTH",
    "orders": {
        "ar": 3,
        "diff": 0,
        "ma": 4
    },
    "parameters": {
        "const": 0.21077690835217971,
        "ar.L1": 1.6511498610968638,
        "ar.L2": -0.3527116193764728,
        "ar.L3": -0.30316358715948527,
        "ma.L1": 0.31814976251334115,
        "ma.L2": -0.4932094889304186,
        "ma.L3": -0.5063218479102575,
        "ma.L4": -0.23633902771696375,
        "sigma2": 0.0002845877168947659
    }
}