{
    "profile_class": "RESHIPV_NCENT",
    "orders": {
        "ar": 2,
        "diff": 0,
        "ma": 3
    },
    "parameters": {
        "const": 0.3118427146238335,
        "ar.L1": 1.8776781747387363,
        "ar.L2": -0.8881450024440909,
        "ma.L1": 0.0034724677739756266,
        "ma.L2": 0.045713132608296604,
        "ma.L3": 0.032869035482148014,
        "sigma2": 9.887609306443393e-05
    }
}