{
    "profile_class": "BUSMEDPV_FWEST",
    "orders": {
        "ar": 4,
        "diff": 2,
        "ma": 4
    },
    "parameters": {
        "ar.L1": -0.37736085024043786,
        "ar.L2": -0.2998643360864287,
        "ar.L3": -0.14630605314789624,
        "ar.L4": 0.728010353796011,
        "ma.L1": 0.08373600141016846,
        "ma.L2": 0.09615516534419455,
        "ma.L3": -0.2076629121026924,
        "ma.L4": -0.8845661489447326,
        "sigma2": 0.005989487415815304
    }
}