{
    "profile_class": "BUSNODDG_NCENT",
    "orders": {
        "ar": 2,
        "diff": 0,
        "ma": 3
    },
    "parameters": {
        "const": 0.18565891406120455,
        "ar.L1": 1.5558795091563045,
        "ar.L2": -0.5751757626747405,
        "ma.L1": 0.36616036854219514,
        "ma.L2": 0.2752087824958673,
        "ma.L3": 0.19731406576299537,
        "sigma2": 1.164219974230886e-05
    }
}