{
    "profile_class": "NMLIGHT_SCENT",
    "orders": {
        "ar": 4,
        "diff": 0,
        "ma": 4
    },
    "parameters": {
        "const": 0.47989807105739,
        "ar.L1": 2.1777925416924053,
        "ar.L2": -1.4821534290688647,
        "ar.L3": 0.3745481607586467,
        "ar.L4": -0.07325523585745765,
        "ma.L1": 0.005980813493503545,
        "ma.L2": 0.00431400202063803,
        "ma.L3": 0.0053416102399366505,
        "ma.L4": -0.9715477001095953,
        "sigma2": 0.0007656389392057348
    }
}