{
    "profile_class": "RESLOPV_SCENT",
    "orders": {
        "ar": 2,
        "diff": 0,
        "ma": 4
    },
    "parameters": {
        "const": 0.18688379362363766,
        "ar.L1": 1.7971813139675308,
        "ar.L2": -0.814916458259535,
        "ma.L1": 0.25364569163219125,
        "ma.L2": 0.08169953585289447,
        "ma.L3": 0.0813169766270278,
        "ma.L4": -0.12277691817706089,
        "sigma2": 7.740894263649466e-05
    }
}