{
    "profile_class": "RESLOPV_WEST",
    "orders": {
        "ar": 2,
        "diff": 0,
        "ma": 4
    },
    "parameters": {
        "const": 0.1599666120392253,
        "ar.L1": 1.8023516782495708,
        "ar.L2": -0.8201213828643421,
        "ma.L1": 0.20465411472162556,
        "ma.L2": 0.06079879159178034,
        "ma.L3": -0.06359393023190306,
        "ma.L4": -0.2129186892269854,
        "sigma2": 8.898279195861941e-05
    }
}