{
    "profile_class": "BUSNODPV_NORTH",
    "orders": {
        "ar": 4,
        "diff": 0,
        "ma": 3
    },
    "parameters": {
        "const": 0.2479424101495294,
        "ar.L1": 2.7717627281461366,
        "ar.L2": -2.9692256625995603,
        "ar.L3": 1.5903237415074936,
        "ar.L4": -0.3963783487641349,
        "ma.L1": -0.8889631744509314,
        "ma.L2": 0.024004796780120727,
        "ma.L3": -0.08657352280129274,
        "sigma2": 0.0004125083086636335
    }
}