{
    "profile_class": "BUSNODEM_SOUTH",
    "orders": {
        "ar": 4,
        "diff": 0,
        "ma": 4
    },
    "parameters": {
        "const": 0.08870816699439817,
        "ar.L1": 1.6319788106834345,
        "ar.L2": -0.4614784899644514,
        "ar.L3": -0.31345005270567705,
        "ar.L4": 0.13338332477303966,
        "ma.L1": -0.11377769939583922,
        "ma.L2": -0.09743523421410788,
        "ma.L3": -0.020047613535949763,
        "ma.L4": -0.27031194144279,
        "sigma2": 1.2450094009220341e-05
    }
}