{
    "profile_class": "BUSNODPV_SOUTH",
    "orders": {
        "ar": 2,
        "diff": 0,
        "ma": 3
    },
    "parameters": {
        "const": 0.1812319001096905,
        "ar.L1": 1.9615098837097036,
        "ar.L2": -0.966601158022126,
        "ma.L1": -0.38920716607509015,
        "ma.L2": -0.4694004094644932,
        "ma.L3": -0.05115645227660497,
        "sigma2": 0.0003398814363710952
    }
}