{
    "profile_class": "NMLIGHT_NCENT",
    "orders": {
        "ar": 3,
        "diff": 0,
        "ma": 4
    },
    "parameters": {
        "const": 0.5313870299357853,
        "ar.L1": 2.1442407837079993,
        "ar.L2": -1.3395968165860093,
        "ar.L3": 0.19273232370578885,
        "ma.L1": -0.19969869725206257,
        "ma.L2": -0.040135012174038656,
        "ma.L3": -0.13991043519779006,
        "ma.L4": -0.555470539626532,
        "sigma2": 0.0012592276088337802
    }
}