{
    "profile_class": "BUSHIPV_SCENT",
    "orders": {
        "ar": 4,
        "diff": 0,
        "ma": 3
    },
    "parameters": {
        "const": 34.005734609908764,
        "ar.L1": 1.5835994974910226,
        "ar.L2": -1.3542641426870785,
        "ar.L3": 1.4762326236986054,
        "ar.L4": -0.7426090676255274,
        "ma.L1": 0.0868168646324868,
        "ma.L2": 0.8547333133432609,
        "ma.L3": -0.17804228561296664,
        "sigma2": 0.059666600775511336
    }
}