{
    "profile_class": "RESLOWD_FWEST",
    "orders": {
        "ar": 3,
        "diff": 0,
        "ma": 4
    },
    "parameters": {
        "const": 0.2282446992496665,
        "ar.L1": 1.806620187000314,
        "ar.L2": -0.7188159614203586,
        "ar.L3": -0.098420209869918,
        "ma.L1": 0.003178314907336381,
        "ma.L2": 0.010977907250108549,
        "ma.L3": -0.10133379682088456,
        "ma.L4": -0.37054420797271026,
        "sigma2": 2.2809396284666338e-05
    }
}