{
    "profile_class": "RESHIWR_FWEST",
    "orders": {
        "ar": 4,
        "diff": 0,
        "ma": 3
    },
    "parameters": {
        "const": 0.3677334830529672,
        "ar.L1": 0.8026906441510188,
        "ar.L2": 0.9338273748967189,
        "ar.L3": -0.6808166663687704,
        "ar.L4": -0.07376888709869418,
        "ma.L1": 0.8931368655878004,
        "ma.L2": 0.033917524268897506,
        "ma.L3": 0.07545761125387333,
        "sigma2": 7.164490698760166e-05
    }
}