{
    "profile_class": "BUSNODEM_WEST",
    "orders": {
        "ar": 2,
        "diff": 0,
        "ma": 3
    },
    "parameters": {
        "const": 0.10242292823888123,
        "ar.L1": 1.312715821207779,
        "ar.L2": -0.33775955644212746,
        "ma.L1": 0.16500762664039598,
        "ma.L2": 0.21592496901349836,
        "ma.L3": 0.11927860277593239,
        "sigma2": 1.3150092164690269e-05
    }
}