{
    "profile_class": "BUSLOPV_COAST",
    "orders": {
        "ar": 3,
        "diff": 0,
        "ma": 4
    },
    "parameters": {
        "const": 5.727221204355313,
        "ar.L1": 1.6805858035720986,
        "ar.L2": -0.48799423193961533,
        "ar.L3": -0.19819412182597926,
        "ma.L1": 0.025587322977285807,
        "ma.L2": -0.042097580181513,
        "ma.L3": -0.11086217082835495,
        "ma.L4": 0.24186429461147024,
        "sigma2": 0.006213065383894746
    }
}