{
    "profile_class": "BUSHIWD_NCENT",
    "orders": {
        "ar": 4,
        "diff": 0,
        "ma": 4
    },
    "parameters": {
        "const": 14.692227179677053,
        "ar.L1": 1.9419868618801943,
        "ar.L2": -1.6949480734896403,
        "ar.L3": 1.2540067890839544,
        "ar.L4": -0.5137678830827186,
        "ma.L1": -0.23815291548595682,
        "ma.L2": 0.5639690451846349,
        "ma.L3": -0.06506060615089826,
        "ma.L4": 0.1126370595192778,
        "sigma2": 0.005248606612094076
    }
}