{
    "profile_class": "BUSHILF_SOUTH",
    "orders": {
        "ar": 2,
        "diff": 0,
        "ma": 2
    },
    "parameters": {
        "const": 10.363182652108696,
        "ar.L1": 1.72409192279866,
        "ar.L2": -0.7274978279282825,
        "ma.L1": -0.09772881567589567,
        "ma.L2": 0.06985307185495775,
        "sigma2": 0.0024268082148626584
    }
}