{
    "profile_class": "BUSHIDG_COAST",
    "orders": {
        "ar": 3,
        "diff": 1,
        "ma": 2
    },
    "parameters": {
        "ar.L1": 0.9710574567793919,
        "ar.L2": 0.649059194612971,
        "ar.L3": -0.6361129728928072,
        "ma.L1": -0.2631884155740255,
        "ma.L2": -0.7319264246989224,
        "sigma2": 0.005193206786903749
    }
}