{
    "profile_class": "RESHIDG_WEST",
    "orders": {
        "ar": 3,
        "diff": 0,
        "ma": 4
    },
    "parameters": {
        "const": 0.3968499535519636,
        "ar.L1": 1.6124399417130817,
        "ar.L2": -0.34200694923718655,
        "ar.L3": -0.2756622833423889,
        "ma.L1": 0.0439224377151521,
        "ma.L2": -0.07127903915753961,
        "ma.L3": -0.033274838942354626,
        "ma.L4": -0.14744972458523156,
        "sigma2": 4.611261043534993e-05
    }
}