{
    "profile_class": "RESLOWD_NCENT",
    "orders": {
        "ar": 3,
        "diff": 0,
        "ma": 4
    },
    "parameters": {
        "const": 0.30321958039219266,
        "ar.L1": 1.6477871809848745,
        "ar.L2": -0.46560400161435167,
        "ar.L3": -0.19380492449084058,
        "ma.L1": 0.06018057478818618,
        "ma.L2": 0.031552370212206964,
        "ma.L3": -0.02020292423337683,
        "ma.L4": -0.15625145593120085,
        "sigma2": 2.5764925095836845e-05
    }
}