{
    "profile_class": "BUSNODEM_NORTH",
    "orders": {
        "ar": 3,
        "diff": 0,
        "ma": 4
    },
    "parameters": {
        "const": 0.13214486917371943,
        "ar.L1": 1.4250909277595896,
        "ar.L2": -0.5442253880514085,
        "ar.L3": 0.10507449633033603,
        "ma.L1": -0.01801988261260737,
        "ma.L2": 0.25738755753300374,
        "ma.L3": 0.08873700379394717,
        "ma.L4": -0.1661381299399551,
        "sigma2": 1.3688215885938282e-05
    }
}