{
    "profile_class": "BUSLOWD_SOUTH",
    "orders": {
        "ar": 4,
        "diff": 2,
        "ma": 4
    },
    "parameters": {
        "ar.L1": -0.2062540782097761,
        "ar.L2": -0.11331398981843044,
        "ar.L3": 0.041141055512377234,
        "ar.L4": 0.8676339463566475,
        "ma.L1": 0.07575487468871966,
        "ma.L2": 0.021572141824880625,
        "ma.L3": -0.2046463904531135,
        "ma.L4": -0.8902737592120348,
        "sigma2": 0.00025266278310347395
    }
}