{
    "profile_class": "NMLIGHT_EAST",
    "orders": {
        "ar": 4,
        "diff": 0,
        "ma": 4
    },
    "parameters": {
        "const": 0.4902905070765395,
        "ar.L1": 2.1754349811195737,
        "ar.L2": -1.4904627845502727,
        "ar.L3": 0.399078981518477,
        "ar.L4": -0.08736763473368868,
        "ma.L1": 0.01629429294429202,
        "ma.L2": 0.011579933188854086,
        "ma.L3": 0.008562300092244735,
        "ma.L4": -0.9658918460854712,
        "sigma2": 0.0007354879878047548
    }
}