{
    "profile_class": "RESLOPV_WEST",
    "orders": {
        "ar": 4,
        "diff": 0,
        "ma": 4
    },
    "parameters": {
        "const": 0.2265968879901399,
        "ar.L1": 1.8648153296466432,
        "ar.L2": -0.6390811109575465,
        "ar.L3": -0.41481168461212126,
        "ar.L4": 0.18244329084767855,
        "ma.L1": 0.08935429172668274,
        "ma.L2": -0.18212465776712078,
        "ma.L3": -0.08286415830139392,
        "ma.L4": -0.1328463473064217,
        "sigma2": 7.711795991603338e-05
    }
}