{
    "profile_class": "BUSMEDLF_NCENT",
    "orders": {
        "ar": 4,
        "diff": 0,
        "ma": 3
    },
    "parameters": {
        "const": 5.211483149548682,
        "ar.L1": 1.9680832071474403,
        "ar.L2": -1.9592659552392866,
        "ar.L3": 1.753125054467907,
        "ar.L4": -0.7681034846484984,
        "ma.L1": -0.7062864027477299,
        "ma.L2": 0.9331660677546962,
        "ma.L3": -0.4995039154637883,
        "sigma2": 0.008324387729916193
    }
}