{
    "profile_class": "BUSNODWD_NORTH",
    "orders": {
        "ar": 4,
        "diff": 1,
        "ma": 4
    },
    "parameters": {
        "ar.L1": -0.19465162440323963,
        "ar.L2": -0.14562947501676898,
        "ar.L3": -0.021490887486887104,
        "ar.L4": -0.22468756116296834,
        "ma.L1": 0.7331753660491264,
        "ma.L2": 0.7171265656288951,
        "ma.L3": 0.4852972397784608,
        "ma.L4": 0.17841912006495203,
        "sigma2": 1.0274992308165904e-05
    }
}