{
    "profile_class": "RESHIPV_EAST",
    "orders": {
        "ar": 4,
        "diff": 0,
        "ma": 4
    },
    "parameters": {
        "const": 0.3618814924739921,
        "ar.L1": 0.6398953891288157,
        "ar.L2": 0.6692813005142254,
        "ar.L3": 0.3572538482166193,
        "ar.L4": -0.696655045565102,
        "ma.L1": 1.1326704173675763,
        "ma.L2": 0.6879372174138949,
        "ma.L3": 0.006410135670677672,
        "ma.L4": 0.018316451978973473,
        "sigma2": 0.00014455164152563007
    }
}