{
    "profile_class": "BUSHIWD_SCENT",
    "orders": {
        "ar": 3,
        "diff": 1,
        "ma": 3
    },
    "parameters": {
        "ar.L1": 0.8992213742496975,
        "ar.L2": -1.0940638740507398,
        "ar.L3": 0.766099563020153,
        "ma.L1": -0.20578996516639786,
        "ma.L2": 1.0056504115776812,
        "ma.L3": -0.09186969770907388,
        "sigma2": 0.010315870609760558
    }
}