{
    "profile_class": "RESHIPV_COAST",
    "orders": {
        "ar": 3,
        "diff": 0,
        "ma": 4
    },
    "parameters": {
        "const": 0.3790965178067459,
        "ar.L1": 1.3154431397902013,
        "ar.L2": 0.16248686943324198,
        "ar.L3": -0.4882109649784839,
        "ma.L1": 0.4363834313426365,
        "ma.L2": -0.035309650990749585,
        "ma.L3": 0.04659636069273762,
        "ma.L4": -0.14147394466910831,
        "sigma2": 0.00024265707730346454
    }
}