{
    "profile_class": "BUSLOPV_EAST",
    "orders": {
        "ar": 4,
        "diff": 1,
        "ma": 4
    },
    "parameters": {
        "ar.L1": 0.06888876987642421,
        "ar.L2": -0.10894687937503511,
        "ar.L3": -0.041459295644705296,
        "ar.L4": 0.6232578675810152,
        "ma.L1": 0.6908454269120055,
        "ma.L2": 0.7605470685024371,
        "ma.L3": 0.6194847367205651,
        "ma.L4": 0.11240573696231053,
        "sigma2": 0.004286417134270673
    }
}