{
    "profile_class": "BUSMEDPV_SOUTH",
    "orders": {
        "ar": 2,
        "diff": 0,
        "ma": 3
    },
    "parameters": {
        "const": 9.513763219443147,
        "ar.L1": 1.9611944434155526,
        "ar.L2": -0.9660510774858817,
        "ma.L1": -0.3856473968217702,
        "ma.L2": -0.13980821678644278,
        "ma.L3": -0.1071334116152358,
        "sigma2": 0.009722544831544739
    }
}