{
    "profile_class": "RESHIPV_WEST",
    "orders": {
        "ar": 2,
        "diff": 0,
        "ma": 1
    },
    "parameters": {
        "const": 0.46063521725736917,
        "ar.L1": 1.8690282748722353,
        "ar.L2": -0.8758811856773959,
        "ma.L1": -0.08753639318100624,
        "sigma2": 0.00028432256395023096
    }
}