{
    "profile_class": "RESLOWR_NCENT",
    "orders": {
        "ar": 2,
        "diff": 0,
        "ma": 4
    },
    "parameters": {
        "const": 0.2857248865506197,
        "ar.L1": 1.8785347583201253,
        "ar.L2": -0.8866378285770995,
        "ma.L1": -0.4343312507160993,
        "ma.L2": 0.014905004773823224,
        "ma.L3": -0.02959649574674186,
        "ma.L4": -0.06196684440967875,
        "sigma2": 5.0657672545000254e-05
    }
}