{
    "profile_class": "BUSLOPV_WEST",
    "orders": {
        "ar": 4,
        "diff": 1,
        "ma": 4
    },
    "parameters": {
        "ar.L1": 0.1235229746442234,
        "ar.L2": -0.5019594205401983,
        "ar.L3": 0.3093591196290567,
        "ar.L4": 0.42623653040786286,
        "ma.L1": 0.7899467368575008,
        "ma.L2": 1.2606793963629124,
        "ma.L3": 0.6348997909444658,
        "ma.L4": 0.20265554351872178,
        "sigma2": 0.003922750356078628
    }
}