{
    "profile_class": "BUSLOLF_EAST",
    "orders": {
        "ar": 3,
        "diff": 0,
        "ma": 3
    },
    "parameters": {
        "const": 1.447380069394181,
        "ar.L1": 1.0190612275529358,
        "ar.L2": 0.7742522587170226,
        "ar.L3": -0.8024296951126204,
        "ma.L1": 0.4335662765719499,
        "ma.L2": -0.4286895854511533,
        "ma.L3": -0.08955358271655525,
        "sigma2": 0.0012423254002894425
    }
}