{
    "profile_class": "BUSNODWD_FWEST",
    "orders": {
        "ar": 2,
        "diff": 0,
        "ma": 4
    },
    "parameters": {
        "const": 0.13788056463539058,
        "ar.L1": 1.6419592762531783,
        "ar.L2": -0.653376546742543,
        "ma.L1": 0.06682053798090241,
        "ma.L2": 0.13309479463505802,
        "ma.L3": 0.03180785740334117,
        "ma.L4": -0.17229909536313323,
        "sigma2": 4.18588034211839e-06
    }
}