{
    "profile_class": "NMLIGHT_NORTH",
    "orders": {
        "ar": 4,
        "diff": 0,
        "ma": 4
    },
    "parameters": {
        "const": 0.4858459509815763,
        "ar.L1": 2.190757346113283,
        "ar.L2": -1.496880150550035,
        "ar.L3": 0.36440712379529566,
        "ar.L4": -0.06125861302433685,
        "ma.L1": 0.015738418167512536,
        "ma.L2": 0.007588295711946025,
        "ma.L3": 0.0022022708762355903,
        "ma.L4": -0.9649696816079544,
        "sigma2": 0.0007944190102819079
    }
}