{
    "profile_class": "BUSHILF_NORTH",
    "orders": {
        "ar": 4,
        "diff": 2,
        "ma": 4
    },
    "parameters": {
        "ar.L1": 0.3345877104020222,
        "ar.L2": -0.655494437999794,
        "ar.L3": 0.4968273633508498,
        "ar.L4": 0.27444533828705653,
        "ma.L1": -0.631434692414163,
        "ma.L2": 0.6358555384252007,
        "ma.L3": -0.7637118997995898,
        "ma.L4": -0.23701473217331867,
        "sigma2": 0.003548766358595088
    }
}