{
    "profile_class": "BUSLOPV_WEST",
    "orders": {
        "ar": 3,
        "diff": 1,
        "ma": 4
    },
    "parameters": {
        "ar.L1": 0.634158152862513,
        "ar.L2": -0.892991583683276,
        "ar.L3": 0.7631691490129723,
        "ma.L1": 0.18477100178612016,
        "ma.L2": 1.18583666147238,
        "ma.L3": 0.060848091238118754,
        "ma.L4": 0.19705016247471405,
        "sigma2": 0.00451041787282502
    }
}