{
    "profile_class": "RESHIPV_SOUTH",
    "orders": {
        "ar": 2,
        "diff": 1,
        "ma": 2
    },
    "parameters": {
        "ar.L1": 1.8720212399895948,
        "ar.L2": -0.8853111093896664,
        "ma.L1": -1.3828069918727384,
        "ma.L2": 0.38862535449474833,
        "sigma2": 0.0004060637221744512
    }
}