{
    "profile_class": "BUSLOLF_NCENT",
    "orders": {
        "ar": 3,
        "diff": 0,
        "ma": 4
    },
    "parameters": {
        "const": 1.5359984532466016,
        "ar.L1": 1.2300024251377684,
        "ar.L2": 0.40307652047911535,
        "ar.L3": -0.641049305783046,
        "ma.L1": 0.2817030936386712,
        "ma.L2": -0.2785368673447113,
        "ma.L3": -0.020832025461219338,
        "ma.L4": 0.08986773962631239,
        "sigma2": 0.001548288570294305
    }
}