{
    "profile_class": "BUSLOLF_SCENT",
    "orders": {
        "ar": 3,
        "diff": 0,
        "ma": 4
    },
    "parameters": {
        "const": 1.6859909761276524,
        "ar.L1": 1.5927561007640039,
        "ar.L2": -0.3022352225043179,
        "ar.L3": -0.29726104821348565,
        "ma.L1": 0.14280021879664923,
        "ma.L2": -0.0025483048071064875,
        "ma.L3": -0.013776883645908497,
        "ma.L4": 0.330756169323322,
        "sigma2": 0.0004562352080268486
    }
}