{
    "profile_class": "NMLIGHT_FWEST",
    "orders": {
        "ar": 4,
        "diff": 0,
        "ma": 4
    },
    "parameters": {
        "const": 0.5249075229962719,
        "ar.L1": 2.2061864790486245,
        "ar.L2": -1.6385871240409227,
        "ar.L3": 0.5959988816885812,
        "ar.L4": -0.16836750281240354,
        "ma.L1": -0.2837420197494184,
        "ma.L2": 0.11190550036794425,
        "ma.L3": -0.16184826211068726,
        "ma.L4": -0.549156023675947,
        "sigma2": 0.0013017751383986823
    }
}