{
    "profile_class": "BUSNODDG_WEST",
    "orders": {
        "ar": 4,
        "diff": 1,
        "ma": 3
    },
    "parameters": {
        "ar.L1": -0.05740436309804668,
        "ar.L2": 0.14264361291564592,
        "ar.L3": 0.35423217377577954,
        "ar.L4": -0.2773852066986723,
        "ma.L1": 0.8898126941608911,
        "ma.L2": 0.5738130048906962,
        "ma.L3": 0.011745048093019623,
        "sigma2": 6.453396556041546e-06
    }
}