{
    "profile_class": "BUSMEDLF_EAST",
    "orders": {
        "ar": 4,
        "diff": 0,
        "ma": 4
    },
    "parameters": {
        "const": 4.695030957337575,
        "ar.L1": 1.8982361198618913,
        "ar.L2": -0.07954969894716846,
        "ar.L3": -1.562227066441766,
        "ar.L4": 0.7425752382774006,
        "ma.L1": -0.6096980331513929,
        "ma.L2": -0.8562917797367909,
        "ma.L3": 0.4959055316913182,
        "ma.L4": 0.08256236794193254,
        "sigma2": 0.004637273783238516
    }
}