{
    "profile_class": "BUSMEDWD_NORTH",
    "orders": {
        "ar": 4,
        "diff": 2,
        "ma": 4
    },
    "parameters": {
        "ar.L1": -0.039414893843176646,
        "ar.L2": -0.1927439523704232,
        "ar.L3": -0.2774126914025856,
        "ar.L4": 0.7728723422751671,
        "ma.L1": -0.24217768153476682,
        "ma.L2": 0.11592392886741476,
        "ma.L3": 0.06127945295354198,
        "ma.L4": -0.8761844674504835,
        "sigma2": 0.0018811730801561461
    }
}