{
    "profile_class": "RESLODG_SOUTH",
    "orders": {
        "ar": 4,
        "diff": 0,
        "ma": 4
    },
    "parameters": {
        "const": 0.21544059943748545,
        "ar.L1": 1.6467701024096115,
        "ar.L2": -0.45885943870252993,
        "ar.L3": -0.21438636829813854,
        "ar.L4": 0.020075799918370885,
        "ma.L1": -0.02593906545352749,
        "ma.L2": -0.005665750591647402,
        "ma.L3": -0.079001270745384,
        "ma.L4": -0.45365013727432174,
        "sigma2": 3.4147904882852334e-05
    }
}