{
    "profile_class": "BUSMEDWD_WEST",
    "orders": {
        "ar": 4,
        "diff": 0,
        "ma": 3
    },
    "parameters": {
        "const": 3.4563365507071286,
        "ar.L1": 1.7675640061607019,
        "ar.L2": -1.345226855080243,
        "ar.L3": 1.304770592888766,
        "ar.L4": -0.734077865035481,
        "ma.L1": -0.16043320773744899,
        "ma.L2": 0.6006891749452455,
        "ma.L3": -0.4012655139946653,
        "sigma2": 0.0006642520857813477
    }
}