{
    "profile_class": "BUSLOPV_COAST",
    "orders": {
        "ar": 4,
        "diff": 1,
        "ma": 3
    },
    "parameters": {
        "ar.L1": -0.14538234134336317,
        "ar.L2": -0.04482207065866435,
        "ar.L3": 0.06595872111424159,
        "ar.L4": 0.7043996219554397,
        "ma.L1": 0.9067504200214128,
        "ma.L2": 0.8235602508745373,
        "ma.L3": 0.5293150839615633,
        "sigma2": 0.00528984654794975
    }
}