{
    "profile_class": "NMLIGHT_NCENT",
    "orders": {
        "ar": 4,
        "diff": 0,
        "ma": 4
    },
    "parameters": {
        "const": 0.4800919844041314,
        "ar.L1": 2.164438713800576,
        "ar.L2": -1.4670803716447192,
        "ar.L3": 0.38840302882721955,
        "ar.L4": -0.08877086292753555,
        "ma.L1": 0.016149721861620836,
        "ma.L2": 0.009289559636677935,
        "ma.L3": 0.004807695765353559,
        "ma.L4": -0.9689732790062009,
        "sigma2": 0.0008000524950526217
    }
}