{
    "profile_class": "NMLIGHT_SCENT",
    "orders": {
        "ar": 4,
        "diff": 0,
        "ma": 4
    },
    "parameters": {
        "const": 0.520257236122686,
        "ar.L1": 2.271455732736921,
        "ar.L2": -1.7826399603187673,
        "ar.L3": 0.6903604601178457,
        "ar.L4": -0.1840389969108009,
        "ma.L1": -0.31278213738505134,
        "ma.L2": 0.1362803910949153,
        "ma.L3": -0.16177776016572104,
        "ma.L4": -0.5242896297662998,
        "sigma2": 0.0012674305844961949
    }
}