{
    "profile_class": "BUSMEDPV_SCENT",
    "orders": {
        "ar": 4,
        "diff": 0,
        "ma": 4
    },
    "parameters": {
        "const": 16.809524972949788,
        "ar.L1": 1.8704965691030297,
        "ar.L2": -1.656310380231778,
        "ar.L3": 1.6286151371181834,
        "ar.L4": -0.847724177117819,
        "ma.L1": -0.334381261418471,
        "ma.L2": 0.7915636793095879,
        "ma.L3": -0.40465774197409443,
        "ma.L4": 0.111670239508211,
        "sigma2": 0.013311216832025708
    }
}