{
    "profile_class": "BUSNODPV_SOUTH",
    "orders": {
        "ar": 2,
        "diff": 0,
        "ma": 3
    },
    "parameters": {
        "const": 0.1571439530450508,
        "ar.L1": 1.963060962086662,
        "ar.L2": -0.967090893481733,
        "ma.L1": -0.23374737491053088,
        "ma.L2": -0.5603196828215545,
        "ma.L3": -0.17454107253421314,
        "sigma2": 0.00024586420046676677
    }
}