{
    "profile_class": "BUSMEDWD_COAST",
    "orders": {
        "ar": 4,
        "diff": 0,
        "ma": 4
    },
    "parameters": {
        "const": 5.197354447478805,
        "ar.L1": 1.8607523847433696,
        "ar.L2": -1.6873162569526154,
        "ar.L3": 1.7636828938967146,
        "ar.L4": -0.9477026807168546,
        "ma.L1": -0.23549551771505858,
        "ma.L2": 0.8134916440864269,
        "ma.L3": -0.4149033160537514,
        "ma.L4": -0.011143159468152941,
        "sigma2": 0.0017087069839332922
    }
}