{
    "profile_class": "BUSLOLF_COAST",
    "orders": {
        "ar": 3,
        "diff": 0,
        "ma": 4
    },
    "parameters": {
        "const": 2.237909551350344,
        "ar.L1": 1.5843853687207763,
        "ar.L2": -0.2744206336788322,
        "ar.L3": -0.315582642301529,
        "ma.L1": 0.11470485577425588,
        "ma.L2": -0.07352140571794187,
        "ma.L3": -0.10006736201380519,
        "ma.L4": 0.23550200085195613,
        "sigma2": 0.0007920776544418531
    }
}