{
    "profile_class": "RESLODG_SCENT",
    "orders": {
        "ar": 3,
        "diff": 0,
        "ma": 4
    },
    "parameters": {
        "const": 0.37965946014861596,
        "ar.L1": 1.7080071476199128,
        "ar.L2": -0.4713973431322393,
        "ar.L3": -0.23968055436112634,
        "ma.L1": -0.10474003051083812,
        "ma.L2": -0.10390140681413565,
        "ma.L3": -0.055061894077862175,
        "ma.L4": -0.1467522473514882,
        "sigma2": 2.968285141523916e-05
    }
}