{
    "profile_class": "BUSMEDLF_WEST",
    "orders": {
        "ar": 2,
        "diff": 0,
        "ma": 2
    },
    "parameters": {
        "const": 2.725914999337577,
        "ar.L1": 1.9350504555547554,
        "ar.L2": -0.9378747101763659,
        "ma.L1": -0.6841320837332754,
        "ma.L2": -0.046303031830893904,
        "sigma2": 0.002192252618530755
    }
}