{
    "profile_class": "RESLOPV_SOUTH",
    "orders": {
        "ar": 4,
        "diff": 0,
        "ma": 4
    },
    "parameters": {
        "const": 0.15122012860574596,
        "ar.L1": 2.348965475419938,
        "ar.L2": -1.7915368358219614,
        "ar.L3": 0.4941506571536245,
        "ar.L4": -0.054472917294423696,
        "ma.L1": -0.5225744191891315,
        "ma.L2": -0.003856510508764047,
        "ma.L3": -0.14306405893554253,
        "ma.L4": -0.2566653852730546,
        "sigma2": 0.00012196896556743179
    }
}