{
    "profile_class": "BUSLOPV_SCENT",
    "orders": {
        "ar": 4,
        "diff": 1,
        "ma": 4
    },
    "parameters": {
        "ar.L1": 0.14502971401129888,
        "ar.L2": 0.14347194203205688,
        "ar.L3": -0.08459878548955384,
        "ar.L4": 0.45538176811462716,
        "ma.L1": 0.5493128690335847,
        "ma.L2": 0.38450744098254297,
        "ma.L3": 0.4672247934950569,
        "ma.L4": 0.21276019337860916,
        "sigma2": 0.005167000746841204
    }
}