{
    "profile_class": "BUSMEDWD_EAST",
    "orders": {
        "ar": 4,
        "diff": 1,
        "ma": 4
    },
    "parameters": {
        "ar.L1": -0.1486458578340269,
        "ar.L2": -0.027373932624967526,
        "ar.L3": 0.10840554491855228,
        "ar.L4": 0.8133795491832017,
        "ma.L1": 0.7533962454509243,
        "ma.L2": 0.6515759555747591,
        "ma.L3": 0.3804039286418938,
        "ma.L4": -0.29555456609509123,
        "sigma2": 0.0017244773782757517
    }
}