{
    "profile_class": "BUSMEDDG_SCENT",
    "orders": {
        "ar": 4,
        "diff": 0,
        "ma": 3
    },
    "parameters": {
        "const": 5.221889885999011,
        "ar.L1": 1.8820994612322965,
        "ar.L2": -1.5939772139262882,
        "ar.L3": 1.495202209707213,
        "ar.L4": -0.7915284070021723,
        "ma.L1": -0.3508327987976769,
        "ma.L2": 0.5596428661921953,
        "ma.L3": -0.4397350698226442,
        "sigma2": 0.001381241195102358
    }
}