{
    "profile_class": "BUSNODWD_EAST",
    "orders": {
        "ar": 3,
        "diff": 0,
        "ma": 2
    },
    "parameters": {
        "const": 0.14945930694428375,
        "ar.L1": 2.2794914267638626,
        "ar.L2": -1.7495102901544373,
        "ar.L3": 0.4664176482824213,
        "ma.L1": -0.6535212943922766,
        "ma.L2": 0.15794457883178947,
        "sigma2": 5.712168399723578e-06
    }
}