{
    "profile_class": "BUSNODPV_SCENT",
    "orders": {
        "ar": 2,
        "diff": 0,
        "ma": 4
    },
    "parameters": {
        "const": 0.33382082954171827,
        "ar.L1": 1.8882603646974911,
        "ar.L2": -0.8971360081764181,
        "ma.L1": 0.13651279238128822,
        "ma.L2": -0.25107798488016814,
        "ma.L3": -0.32649919485718826,
        "ma.L4": -0.10024494876821273,
        "sigma2": 0.0004266807397088319
    }
}