{
    "profile_class": "BUSMEDDG_NCENT",
    "orders": {
        "ar": 4,
        "diff": 1,
        "ma": 3
    },
    "parameters": {
        "ar.L1": 0.0006776786316003217,
        "ar.L2": -0.13505763524285816,
        "ar.L3": -0.04792874791169558,
        "ar.L4": 0.6128822759891905,
        "ma.L1": 0.643611382186002,
        "ma.L2": 0.6371401479210325,
        "ma.L3": 0.4924007687615817,
        "sigma2": 0.002632585922379223
    }
}