{
    "profile_class": "BUSIDRRQ_NORTH",
    "orders": {
        "ar": 2,
        "diff": 1,
        "ma": 2
    },
    "parameters": {
        "ar.L1": 1.9467111574349842,
        "ar.L2": -0.9510532056736247,
        "ma.L1": -1.5777411644555017,
        "ma.L2": 0.5875611477484403,
        "sigma2": 2.1733597960471096
    }
}