{
    "profile_class": "RESHIWD_NCENT",
    "orders": {
        "ar": 2,
        "diff": 0,
        "ma": 1
    },
    "parameters": {
        "const": 0.5858630598044763,
        "ar.L1": 1.81792985437672,
        "ar.L2": -0.8203712358442146,
        "ma.L1": -0.2623440377717031,
        "sigma2": 0.00017798813038892892
    }
}