{
    "profile_class": "BUSIDRRQ_COAST",
    "orders": {
        "ar": 2,
        "diff": 1,
        "ma": 2
    },
    "parameters": {
        "ar.L1": 1.946697420954385,
        "ar.L2": -0.9510406086601433,
        "ma.L1": -1.5770715310197496,
        "ma.L2": 0.5869062612198471,
        "sigma2": 2.1682847498672126
    }
}