{
    "profile_class": "RESHIWD_SOUTH",
    "orders": {
        "ar": 3,
        "diff": 0,
        "ma": 4
    },
    "parameters": {
        "const": 0.44407430629155387,
        "ar.L1": 2.0472810226724962,
        "ar.L2": -1.1358272231705537,
        "ar.L3": 0.08589100946761336,
        "ma.L1": -0.45928859407775346,
        "ma.L2": 0.01994861501666878,
        "ma.L3": -0.04712022320338356,
        "ma.L4": -0.14587981092270472,
        "sigma2": 3.289270283844853e-05
    }
}