{
    "profile_class": "BUSLOLF_FWEST",
    "orders": {
        "ar": 3,
        "diff": 0,
        "ma": 3
    },
    "parameters": {
        "const": 1.3083249239202122,
        "ar.L1": 1.07175032318887,
        "ar.L2": 0.686787876757237,
        "ar.L3": -0.7658535375353457,
        "ma.L1": 0.33774177450548176,
        "ma.L2": -0.43144420007298656,
        "ma.L3": -0.07333776737392621,
        "sigma2": 0.0010961401584710668
    }
}