{
    "profile_class": "BUSMEDDG_SOUTH",
    "orders": {
        "ar": 3,
        "diff": 0,
        "ma": 3
    },
    "parameters": {
        "const": 3.6082446816198734,
        "ar.L1": 2.1579855020481076,
        "ar.L2": -1.333451963645927,
        "ar.L3": 0.1722011082708918,
        "ma.L1": -0.6025226447731997,
        "ma.L2": -0.08728198856153653,
        "ma.L3": -0.10765385988755975,
        "sigma2": 0.0012464861479343531
    }
}