{
    "profile_class": "RESLOWR_FWEST",
    "orders": {
        "ar": 2,
        "diff": 0,
        "ma": 4
    },
    "parameters": {
        "const": 0.21563393774985717,
        "ar.L1": 1.9091407465986552,
        "ar.L2": -0.9173904136234264,
        "ma.L1": -0.3421028369076915,
        "ma.L2": -0.014269938604669453,
        "ma.L3": -0.09064677478167166,
        "ma.L4": -0.16075474836161238,
        "sigma2": 3.656076187523434e-05
    }
}