{
    "profile_class": "BUSHIDG_NORTH",
    "orders": {
        "ar": 3,
        "diff": 0,
        "ma": 2
    },
    "parameters": {
        "const": 10.951419584143895,
        "ar.L1": 0.8067664991273205,
        "ar.L2": 0.8623277886456026,
        "ar.L3": -0.7025556880126326,
        "ma.L1": 0.8307178350133579,
        "ma.L2": -0.072777092801082,
        "sigma2": 0.004120148687731444
    }
}