{
    "profile_class": "RESHIPV_SCENT",
    "orders": {
        "ar": 2,
        "diff": 0,
        "ma": 1
    },
    "parameters": {
        "const": 0.39665732065510706,
        "ar.L1": 1.8456147375359473,
        "ar.L2": -0.8546043229304091,
        "ma.L1": -0.3543504344223592,
        "sigma2": 0.0006334003422787867
    }
}