{
    "profile_class": "BUSLOPV_FWEST",
    "orders": {
        "ar": 4,
        "diff": 0,
        "ma": 4
    },
    "parameters": {
        "const": 3.60676463441913,
        "ar.L1": 1.5298989255080677,
        "ar.L2": 0.1286680373763853,
        "ar.L3": -1.058113015575652,
        "ar.L4": 0.3912319790178289,
        "ma.L1": 0.3032378918819172,
        "ma.L2": -0.3405015541064683,
        "ma.L3": 0.0667290749726493,
        "ma.L4": 0.19048673151985243,
        "sigma2": 0.004084100127623775
    }
}