{
    "profile_class": "BUSLOLF_NORTH",
    "orders": {
        "ar": 3,
        "diff": 0,
        "ma": 3
    },
    "parameters": {
        "const": 1.2941813950731664,
        "ar.L1": 1.0384792554722804,
        "ar.L2": 0.7954931138849938,
        "ar.L3": -0.8417098196850218,
        "ma.L1": 0.4160603818636113,
        "ma.L2": -0.46842501857586843,
        "ma.L3": -0.1072643666714026,
        "sigma2": 0.0008278265342576184
    }
}