{
    "profile_class": "BUSNODDG_FWEST",
    "orders": {
        "ar": 1,
        "diff": 0,
        "ma": 3
    },
    "parameters": {
        "const": 0.14185322346349155,
        "ar.L1": 0.9789538696047595,
        "ma.L1": 0.6647088479602236,
        "ma.L2": 0.4489663471646689,
        "ma.L3": 0.2603717997613936,
        "sigma2": 3.7422979419344503e-06
    }
}