{
    "profile_class": "BUSMEDWD_FWEST",
    "orders": {
        "ar": 4,
        "diff": 2,
        "ma": 4
    },
    "parameters": {
        "ar.L1": -0.38921722998571606,
        "ar.L2": -0.3441820921749813,
        "ar.L3": -0.16579751855083746,
        "ar.L4": 0.6730539078658248,
        "ma.L1": 0.13030184919049992,
        "ma.L2": 0.16988328677203557,
        "ma.L3": -0.16738802487480514,
        "ma.L4": -0.7873260520016399,
        "sigma2": 0.0007820060418822179
    }
}