{
    "profile_class": "NMLIGHT_COAST",
    "orders": {
        "ar": 4,
        "diff": 0,
        "ma": 4
    },
    "parameters": {
        "const": 0.46588482299118383,
        "ar.L1": 2.1588574070856144,
        "ar.L2": -1.4270159755789582,
        "ar.L3": 0.3235464258795287,
        "ar.L4": -0.05835171306222638,
        "ma.L1": 0.008346041473696553,
        "ma.L2": 0.008620166554765107,
        "ma.L3": 0.008157740672848746,
        "ma.L4": -0.9738481172403902,
        "sigma2": 0.0008100827856314531
    }
}