{
    "profile_class": "BUSNODPV_COAST",
    "orders": {
        "ar": 3,
        "diff": 0,
        "ma": 4
    },
    "parameters": {
        "const": 0.3222461659058093,
        "ar.L1": 2.0671296735924547,
        "ar.L2": -1.197670820099277,
        "ar.L3": 0.12393734539694107,
        "ma.L1": 0.024952906594241493,
        "ma.L2": -0.2689856488487573,
        "ma.L3": -0.2626255032654354,
        "ma.L4": -0.19756106119730257,
        "sigma2": 0.00028799991301408626
    }
}