{
    "profile_class": "RESLOPV_NORTH",
    "orders": {
        "ar": 3,
        "diff": 0,
        "ma": 4
    },
    "parameters": {
        "const": 0.17834152106619802,
        "ar.L1": 2.4734190641322265,
        "ar.L2": -1.997243889546259,
        "ar.L3": 0.5201401744784637,
        "ma.L1": -0.3891861350626367,
        "ma.L2": -0.14003706292308907,
        "ma.L3": -0.07621837845286876,
        "ma.L4": -0.20496475105050682,
        "sigma2": 7.526998027170374e-05
    }
}