{
    "profile_class": "RESHIWD_FWEST",
    "orders": {
        "ar": 4,
        "diff": 0,
        "ma": 4
    },
    "parameters": {
        "const": 0.5483222613535789,
        "ar.L1": 0.9297365602646008,
        "ar.L2": 0.3351844811463419,
        "ar.L3": 0.17568932472611415,
        "ar.L4": -0.45151120573490877,
        "ma.L1": 0.7051304716849741,
        "ma.L2": 0.29084980867587673,
        "ma.L3": -0.17667203566173273,
        "ma.L4": -0.1648793074426982,
        "sigma2": 0.00025205497458064235
    }
}