{
    "profile_class": "NMLIGHT_WEST",
    "orders": {
        "ar": 4,
        "diff": 0,
        "ma": 4
    },
    "parameters": {
        "const": 0.5029859208831987,
        "ar.L1": 2.1821858100057945,
        "ar.L2": -1.4915534922711289,
        "ar.L3": 0.3813222244905823,
        "ar.L4": -0.07494801562239296,
        "ma.L1": 0.01205322662980235,
        "ma.L2": 0.005828204842896562,
        "ma.L3": 0.0023860851775779346,
        "ma.L4": -0.9703640413440119,
        "sigma2": 0.0007781256686624988
    }
}