{
    "profile_class": "BUSNODDG_SCENT",
    "orders": {
        "ar": 2,
        "diff": 0,
        "ma": 3
    },
    "parameters": {
        "const": 0.16843618598682478,
        "ar.L1": 1.3696163550740557,
        "ar.L2": -0.38613020206773574,
        "ma.L1": 0.32520890332177493,
        "ma.L2": 0.3562793702278674,
        "ma.L3": 0.19904391468415683,
        "sigma2": 1.1525624235365139e-05
    }
}