{
    "profile_class": "RESHIPV_NORTH",
    "orders": {
        "ar": 3,
        "diff": 1,
        "ma": 4
    },
    "parameters": {
        "ar.L1": 0.9134904371217154,
        "ar.L2": 0.9447198959628974,
        "ar.L3": -0.8845523544244369,
        "ma.L1": -0.4335675357656685,
        "ma.L2": -0.9912837796079302,
        "ma.L3": 0.41586198482765757,
        "ma.L4": 0.03135789456715941,
        "sigma2": 0.00096289155219647
    }
}