{
    "profile_class": "BUSLOPV_NORTH",
    "orders": {
        "ar": 4,
        "diff": 1,
        "ma": 3
    },
    "parameters": {
        "ar.L1": -0.20976818937279934,
        "ar.L2": 0.004257786787998831,
        "ar.L3": 0.1650485440501211,
        "ar.L4": 0.6383532253420218,
        "ma.L1": 1.0264687922191589,
        "ma.L2": 0.9109463950151513,
        "ma.L3": 0.5179430008819293,
        "sigma2": 0.0029984956765904407
    }
}