{
    "profile_class": "RESLOPV_FWEST",
    "orders": {
        "ar": 3,
        "diff": 0,
        "ma": 4
    },
    "parameters": {
        "const": 0.16629619987468106,
        "ar.L1": 2.260795062091244,
        "ar.L2": -1.6084083018145034,
        "ar.L3": 0.34001656227429394,
        "ma.L1": -0.3668777016198673,
        "ma.L2": -0.014895527869145267,
        "ma.L3": -0.07874702461523062,
        "ma.L4": -0.19474709670404924,
        "sigma2": 0.00010881329153280817
    }
}