{
    "profile_class": "BUSHIDG_COAST",
    "orders": {
        "ar": 3,
        "diff": 0,
        "ma": 4
    },
    "parameters": {
        "const": 12.386858240220961,
        "ar.L1": 2.0534033539732284,
        "ar.L2": -1.4285103688881065,
        "ar.L3": 0.3609225584191806,
        "ma.L1": -0.3423965351303976,
        "ma.L2": 0.20627626926586856,
        "ma.L3": 0.044701267342413614,
        "ma.L4": 0.19666925670575944,
        "sigma2": 0.004265461495155754
    }
}