{
    "profile_class": "BUSMEDLF_SOUTH",
    "orders": {
        "ar": 2,
        "diff": 0,
        "ma": 2
    },
    "parameters": {
        "const": 3.4319840770166077,
        "ar.L1": 1.9660500043584335,
        "ar.L2": -0.9691075704600645,
        "ma.L1": -0.6468477003244252,
        "ma.L2": -0.10422197814095562,
        "sigma2": 0.0027655730952396737
    }
}