{
    "profile_class": "BUSLOPV_SCENT",
    "orders": {
        "ar": 4,
        "diff": 0,
        "ma": 4
    },
    "parameters": {
        "const": 4.202020631297432,
        "ar.L1": 1.6598858364880325,
        "ar.L2": -0.31940878367601194,
        "ar.L3": -0.5001781907658666,
        "ar.L4": 0.15302451986006474,
        "ma.L1": 0.12134118306105296,
        "ma.L2": -0.10600052979528363,
        "ma.L3": 0.003753668930104842,
        "ma.L4": 0.31573754179990554,
        "sigma2": 0.003763031944991489
    }
}