{
    "profile_class": "BUSLOPV_SOUTH",
    "orders": {
        "ar": 3,
        "diff": 1,
        "ma": 3
    },
    "parameters": {
        "ar.L1": 0.8323773482789326,
        "ar.L2": 0.9623086874973914,
        "ar.L3": -0.8272441277767392,
        "ma.L1": -0.25499333984614075,
        "ma.L2": -0.9702593007019291,
        "ma.L3": 0.2491381493130047,
        "sigma2": 0.003845979986039471
    }
}