{
    "profile_class": "BUSMEDDG_NORTH",
    "orders": {
        "ar": 4,
        "diff": 1,
        "ma": 3
    },
    "parameters": {
        "ar.L1": -0.4227480017503533,
        "ar.L2": -0.39744269292091927,
        "ar.L3": -0.20569996360443898,
        "ar.L4": 0.6269215596796495,
        "ma.L1": 1.0466981150776886,
        "ma.L2": 1.1252848449195,
        "ma.L3": 0.8732705782734305,
        "sigma2": 0.0013767297268066794
    }
}