{
    "profile_class": "RESHIWD_SCENT",
    "orders": {
        "ar": 2,
        "diff": 0,
        "ma": 3
    },
    "parameters": {
        "const": 0.5031350115042555,
        "ar.L1": 1.3235806554982403,
        "ar.L2": -0.3314287822350976,
        "ma.L1": 0.25722357690989933,
        "ma.L2": 0.30102992768368614,
        "ma.L3": 0.2531184575439066,
        "sigma2": 0.0002943197427746855
    }
}