{
    "profile_class": "BUSIDRRQ_SCENT",
    "orders": {
        "ar": 2,
        "diff": 1,
        "ma": 2
    },
    "parameters": {
        "ar.L1": 1.9466989369106484,
        "ar.L2": -0.9510415203055217,
        "ma.L1": -1.5774568378374947,
        "ma.L2": 0.5872802888824787,
        "sigma2": 2.1722169123147936
    }
}