{
    "profile_class": "BUSHIDG_FWEST",
    "orders": {
        "ar": 4,
        "diff": 0,
        "ma": 4
    },
    "parameters": {
        "const": 8.5866838342757,
        "ar.L1": 1.1665435778933928,
        "ar.L2": -0.4154512764888831,
        "ar.L3": 1.1244636979696527,
        "ar.L4": -0.88353691662621,
        "ma.L1": 0.18686152404249956,
        "ma.L2": 0.31658489853758626,
        "ma.L3": -0.6949445879939173,
        "ma.L4": -0.1641908511919946,
        "sigma2": 0.0008100825326201623
    }
}