{
    "profile_class": "BUSIDRRQ_SOUTH",
    "orders": {
        "ar": 2,
        "diff": 1,
        "ma": 2
    },
    "parameters": {
        "ar.L1": 1.953441790593617,
        "ar.L2": -0.9576621242429478,
        "ma.L1": -1.6319374268430926,
        "ma.L2": 0.6416138137228555,
        "sigma2": 2.5242218623980768
    }
}