{
    "profile_class": "RESHIWR_NORTH",
    "orders": {
        "ar": 4,
        "diff": 0,
        "ma": 0
    },
    "parameters": {
        "const": 0.6381340922995081,
        "ar.L1": 1.3733853636951199,
        "ar.L2": -0.21153388529374428,
        "ar.L3": -0.13094476584257025,
        "ar.L4": -0.03954682804797485,
        "sigma2": 0.0006809574194299382
    }
}