{
    "profile_class": "BUSNODPV_WEST",
    "orders": {
        "ar": 2,
        "diff": 0,
        "ma": 3
    },
    "parameters": {
        "const": 0.21677977221995876,
        "ar.L1": 1.960613551479125,
        "ar.L2": -0.9656350338578388,
        "ma.L1": -0.19916104061887813,
        "ma.L2": -0.6003566112250537,
        "ma.L3": -0.10971752783031209,
        "sigma2": 0.00038497633291294714
    }
}