{
    "profile_class": "BUSLOWD_NCENT",
    "orders": {
        "ar": 4,
        "diff": 0,
        "ma": 4
    },
    "parameters": {
        "const": 1.8858487212935198,
        "ar.L1": 1.4968133722962162,
        "ar.L2": -0.38786958573181807,
        "ar.L3": 0.1559748831263954,
        "ar.L4": -0.2729214921712751,
        "ma.L1": 0.274622440226014,
        "ma.L2": 0.29838248385493094,
        "ma.L3": -0.07766986461780763,
        "ma.L4": 0.2586683501640799,
        "sigma2": 0.0007060147805192392
    }
}