{
    "profile_class": "BUSHIDG_WEST",
    "orders": {
        "ar": 2,
        "diff": 0,
        "ma": 4
    },
    "parameters": {
        "const": 9.067524464965325,
        "ar.L1": 1.9351548570430224,
        "ar.L2": -0.9382830797618158,
        "ma.L1": -0.3064315105935368,
        "ma.L2": -0.21647272342467835,
        "ma.L3": -0.1091814964539677,
        "ma.L4": -0.07332011053485732,
        "sigma2": 0.0014878838793286945
    }
}