{
    "profile_class": "BUSNODPV_COAST",
    "orders": {
        "ar": 2,
        "diff": 0,
        "ma": 4
    },
    "parameters": {
        "const": 0.3753806705845959,
        "ar.L1": 1.934981027458755,
        "ar.L2": -0.9431875961265668,
        "ma.L1": 0.12916683457834643,
        "ma.L2": -0.3026797209025377,
        "ma.L3": -0.34083637382864324,
        "ma.L4": -0.1459781900040104,
        "sigma2": 0.0003903357757522405
    }
}