{
    "profile_class": "BUSIDRRQ_WEST",
    "orders": {
        "ar": 2,
        "diff": 1,
        "ma": 2
    },
    "parameters": {
        "ar.L1": 1.9534589966244014,
        "ar.L2": -0.9576816233784582,
        "ma.L1": -1.6313246343560515,
        "ma.L2": 0.6410123768331916,
        "sigma2": 2.5209566490183755
    }
}