{
    "profile_class": "RESLOWR_EAST",
    "orders": {
        "ar": 4,
        "diff": 0,
        "ma": 4
    },
    "parameters": {
        "const": 0.2343482601220279,
        "ar.L1": 1.5223897740624917,
        "ar.L2": -0.3258093463377737,
        "ar.L3": -0.06537278229070378,
        "ar.L4": -0.14256295326479376,
        "ma.L1": -0.08798829129499174,
        "ma.L2": -0.024694959728656884,
        "ma.L3": -0.14031221504233674,
        "ma.L4": -0.14994825954842403,
        "sigma2": 2.6554635295102505e-05
    }
}