{
    "profile_class": "BUSIDRRQ_NCENT",
    "orders": {
        "ar": 2,
        "diff": 1,
        "ma": 2
    },
    "parameters": {
        "ar.L1": 1.9534626480243178,
        "ar.L2": -0.9576852614010369,
        "ma.L1": -1.6310829054745604,
        "ma.L2": 0.640776094717049,
        "sigma2": 2.518608138456723
    }
}