{
    "profile_class": "RESHIPV_NORTH",
    "orders": {
        "ar": 3,
        "diff": 0,
        "ma": 4
    },
    "parameters": {
        "const": 0.33958497212214495,
        "ar.L1": 1.3466505478443158,
        "ar.L2": 0.10194687522985735,
        "ar.L3": -0.46508881196580965,
        "ma.L1": 0.5030536148620998,
        "ma.L2": 0.03268939087141432,
        "ma.L3": 0.034769026665318545,
        "ma.L4": -0.04973931690898219,
        "sigma2": 0.00014924932742825962
    }
}