{
    "profile_class": "BUSNODPV_NCENT",
    "orders": {
        "ar": 4,
        "diff": 0,
        "ma": 3
    },
    "parameters": {
        "const": 0.3820592702882174,
        "ar.L1": 2.564531932232272,
        "ar.L2": -2.7491520284260553,
        "ar.L3": 1.6482244488771522,
        "ar.L4": -0.4737731743677724,
        "ma.L1": -0.5106265777186043,
        "ma.L2": 0.10243114914198675,
        "ma.L3": 0.13171999890351382,
        "sigma2": 0.00040146170916505864
    }
}