{
    "profile_class": "BUSMEDPV_WEST",
    "orders": {
        "ar": 4,
        "diff": 1,
        "ma": 4
    },
    "parameters": {
        "ar.L1": -0.15671814243523935,
        "ar.L2": -0.032097141564315534,
        "ar.L3": 0.11933736630312324,
        "ar.L4": 0.8019710016417265,
        "ma.L1": 0.7940250897231188,
        "ma.L2": 0.7123826396345033,
        "ma.L3": 0.4126307092830179,
        "ma.L4": -0.2577319042986726,
        "sigma2": 0.005240917440278085
    }
}