{
    "profile_class": "BUSNODPV_FWEST",
    "orders": {
        "ar": 2,
        "diff": 0,
        "ma": 4
    },
    "parameters": {
        "const": 0.21457097931800523,
        "ar.L1": 1.9487502814621473,
        "ar.L2": -0.9523675400199547,
        "ma.L1": 0.08706373617685526,
        "ma.L2": -0.4310866710148557,
        "ma.L3": -0.42594268840393285,
        "ma.L4": -0.17760962947434888,
        "sigma2": 0.0002570014683466882
    }
}