{
    "profile_class": "RESLOPV_SCENT",
    "orders": {
        "ar": 3,
        "diff": 0,
        "ma": 4
    },
    "parameters": {
        "const": 0.2822704398146417,
        "ar.L1": 2.406027060943962,
        "ar.L2": -1.8637041672342738,
        "ar.L3": 0.4540002278723281,
        "ma.L1": -0.47127557191924185,
        "ma.L2": -0.001794352721330949,
        "ma.L3": -0.0062835363586418655,
        "ma.L4": -0.10130973797436159,
        "sigma2": 8.26298611165794e-05
    }
}