{
    "profile_class": "BUSIDRRQ_NCENT",
    "orders": {
        "ar": 2,
        "diff": 1,
        "ma": 2
    },
    "parameters": {
        "ar.L1": 1.9467126803757204,
        "ar.L2": -0.9510542824712184,
        "ma.L1": -1.5775759455913578,
        "ma.L2": 0.5873974942149252,
        "sigma2": 2.172212098242311
    }
}