{
    "profile_class": "NMLIGHT_EAST",
    "orders": {
        "ar": 4,
        "diff": 0,
        "ma": 4
    },
    "parameters": {
        "const": 0.5247754001769304,
        "ar.L1": 2.209540024340016,
        "ar.L2": -1.6202897741911924,
        "ar.L3": 0.5505956850939595,
        "ar.L4": -0.14452872030004196,
        "ma.L1": -0.2719091951110284,
        "ma.L2": 0.08595368593257635,
        "ma.L3": -0.154491605966391,
        "ma.L4": -0.5490891798276852,
        "sigma2": 0.001304285475244818
    }
}