{
    "profile_class": "RESLOWD_NORTH",
    "orders": {
        "ar": 4,
        "diff": 0,
        "ma": 4
    },
    "parameters": {
        "const": 0.23158979896838583,
        "ar.L1": 1.7143612675526945,
        "ar.L2": -0.3858023916341933,
        "ar.L3": -0.4914863185441518,
        "ar.L4": 0.15208763403212852,
        "ma.L1": 0.052814130793259556,
        "ma.L2": -0.09361477046963433,
        "ma.L3": -0.019529396990008732,
        "ma.L4": -0.20898337894955904,
        "sigma2": 1.1431025698122835e-05
    }
}