{
    "profile_class": "BUSMEDWD_NCENT",
    "orders": {
        "ar": 4,
        "diff": 1,
        "ma": 3
    },
    "parameters": {
        "ar.L1": 0.14034887034460458,
        "ar.L2": -0.08154050116420183,
        "ar.L3": -0.02414902929266108,
        "ar.L4": 0.6976414092381448,
        "ma.L1": 0.5708664534720893,
        "ma.L2": 0.6312284230654011,
        "ma.L3": 0.5493909628766513,
        "sigma2": 0.0025697001569426913
    }
}