{
    "profile_class": "BUSMEDPV_COAST",
    "orders": {
        "ar": 4,
        "diff": 0,
        "ma": 3
    },
    "parameters": {
        "const": 14.018994076719464,
        "ar.L1": 1.8419632825368466,
        "ar.L2": -1.6397316273152254,
        "ar.L3": 1.6902143882115885,
        "ar.L4": -0.9014648877800437,
        "ma.L1": -0.2394976740387075,
        "ma.L2": 0.7602522292389853,
        "ma.L3": -0.4095226609250111,
        "sigma2": 0.01244317883264001
    }
}