{
    "profile_class": "BUSNODDG_SCENT",
    "orders": {
        "ar": 3,
        "diff": 0,
        "ma": 4
    },
    "parameters": {
        "const": 0.16369458603900924,
        "ar.L1": 0.9630256978267192,
        "ar.L2": 0.3116748440773825,
        "ar.L3": -0.3078284731728679,
        "ma.L1": 0.8243063384795346,
        "ma.L2": 0.4037190060456225,
        "ma.L3": 0.2843050331915006,
        "ma.L4": -0.002661180003866734,
        "sigma2": 7.983324158731319e-06
    }
}