{
    "profile_class": "BUSHILF_COAST",
    "orders": {
        "ar": 3,
        "diff": 0,
        "ma": 2
    },
    "parameters": {
        "const": 11.904130171442308,
        "ar.L1": 2.3802050816369213,
        "ar.L2": -1.9309786958645399,
        "ar.L3": 0.5496641454460574,
        "ma.L1": -1.1763760806486194,
        "ma.L2": 0.4423059426854895,
        "sigma2": 0.02556884264205613
    }
}