{
    "profile_class": "RESLODG_EAST",
    "orders": {
        "ar": 4,
        "diff": 0,
        "ma": 4
    },
    "parameters": {
        "const": 0.24641330689247826,
        "ar.L1": 1.5833580619231307,
        "ar.L2": -0.34009747149338126,
        "ar.L3": -0.1782411251694109,
        "ar.L4": -0.08016131252494946,
        "ma.L1": 0.024322719076682486,
        "ma.L2": -0.021012735206918376,
        "ma.L3": -0.15935289970289795,
        "ma.L4": -0.3704914586632501,
        "sigma2": 1.5514058360975663e-05
    }
}