{
    "profile_class": "BUSMEDPV_NCENT",
    "orders": {
        "ar": 4,
        "diff": 1,
        "ma": 4
    },
    "parameters": {
        "ar.L1": -0.22169691199187447,
        "ar.L2": -0.1489632509699479,
        "ar.L3": 0.017637610738307274,
        "ar.L4": 0.8387285453592261,
        "ma.L1": 0.8333922591880282,
        "ma.L2": 0.8100902424477259,
        "ma.L3": 0.589601466611197,
        "ma.L4": -0.2643127588434142,
        "sigma2": 0.019344163745995117
    }
}