{
    "profile_class": "RESLOWR_NORTH",
    "orders": {
        "ar": 2,
        "diff": 0,
        "ma": 4
    },
    "parameters": {
        "const": 0.21954238347445804,
        "ar.L1": 1.8933279665552551,
        "ar.L2": -0.901884238318609,
        "ma.L1": -0.37161723669452557,
        "ma.L2": 0.041618337275243285,
        "ma.L3": -0.03478941521451158,
        "ma.L4": -0.07035338669164741,
        "sigma2": 2.140210060459084e-05
    }
}