{
    "profile_class": "RESLOWR_COAST",
    "orders": {
        "ar": 2,
        "diff": 0,
        "ma": 4
    },
    "parameters": {
        "const": 0.2547254130490841,
        "ar.L1": 1.9176856515155585,
        "ar.L2": -0.9234019169773787,
        "ma.L1": -0.49311403254838654,
        "ma.L2": 0.029682944409275238,
        "ma.L3": -0.04891910340741556,
        "ma.L4": -0.10523931641424257,
        "sigma2": 3.579691062122952e-05
    }
}