{
    "profile_class": "BUSLODG_FWEST",
    "orders": {
        "ar": 4,
        "diff": 1,
        "ma": 4
    },
    "parameters": {
        "ar.L1": -0.0010320111254255998,
        "ar.L2": -0.03877673152398339,
        "ar.L3": -0.0752459143776726,
        "ar.L4": 0.6630268696711437,
        "ma.L1": 0.6863510898998851,
        "ma.L2": 0.6383333784942052,
        "ma.L3": 0.5965029916820112,
        "ma.L4": 0.03795026422218378,
        "sigma2": 0.0005479939443138306
    }
}