{
    "profile_class": "RESHIWR_SOUTH",
    "orders": {
        "ar": 2,
        "diff": 0,
        "ma": 1
    },
    "parameters": {
        "const": 0.3963022806246365,
        "ar.L1": 1.7891983903595952,
        "ar.L2": -0.7932444151002963,
        "ma.L1": -0.5045046238141735,
        "sigma2": 0.00024064480189323425
    }
}