{
    "profile_class": "BUSMEDDG_SCENT",
    "orders": {
        "ar": 4,
        "diff": 0,
        "ma": 3
    },
    "parameters": {
        "const": 6.24757097065866,
        "ar.L1": 1.8589273034518945,
        "ar.L2": -1.6673096452390115,
        "ar.L3": 1.7326157772429138,
        "ar.L4": -0.9310488053864492,
        "ma.L1": -0.27074759967370765,
        "ma.L2": 0.7913598551549718,
        "ma.L3": -0.43172000757204865,
        "sigma2": 0.0018087962484086327
    }
}