{
    "profile_class": "BUSLOPV_SOUTH",
    "orders": {
        "ar": 3,
        "diff": 0,
        "ma": 3
    },
    "parameters": {
        "const": 2.890754895765297,
        "ar.L1": 0.940759980268365,
        "ar.L2": 0.8014873994188968,
        "ar.L3": -0.7529024664409514,
        "ma.L1": 0.8998074217772414,
        "ma.L2": 0.03794597760127455,
        "ma.L3": -0.03560996736574855,
        "sigma2": 0.0021063672117413376
    }
}