{
    "profile_class": "BUSHIPV_EAST",
    "orders": {
        "ar": 3,
        "diff": 1,
        "ma": 2
    },
    "parameters": {
        "ar.L1": 2.492751147621122,
        "ar.L2": -2.0120292407460756,
        "ar.L3": 0.5109387710431685,
        "ma.L1": -1.9589413620738942,
        "ma.L2": 0.979453489848144,
        "sigma2": 0.015025108233302203
    }
}