{
    "profile_class": "RESLOPV_EAST",
    "orders": {
        "ar": 3,
        "diff": 0,
        "ma": 4
    },
    "parameters": {
        "const": 0.2819617216604498,
        "ar.L1": 2.1863949717819695,
        "ar.L2": -1.459297064630439,
        "ar.L3": 0.2676321880328911,
        "ma.L1": -0.28233416958169255,
        "ma.L2": 0.02152906540133049,
        "ma.L3": -0.00238141997128671,
        "ma.L4": -0.10875581189023349,
        "sigma2": 8.860486023842316e-05
    }
}