{
    "profile_class": "RESHIWR_WEST",
    "orders": {
        "ar": 2,
        "diff": 0,
        "ma": 1
    },
    "parameters": {
        "const": 0.4718706813492838,
        "ar.L1": 1.8080164491792348,
        "ar.L2": -0.8124508307910359,
        "ma.L1": -0.5307942558135542,
        "sigma2": 0.00041679903833995256
    }
}