{
    "profile_class": "BUSLOWD_COAST",
    "orders": {
        "ar": 4,
        "diff": 1,
        "ma": 3
    },
    "parameters": {
        "ar.L1": -0.09121726251306922,
        "ar.L2": -0.01757065345920989,
        "ar.L3": 0.0791311562215202,
        "ar.L4": 0.7009459887315901,
        "ma.L1": 0.827646459599971,
        "ma.L2": 0.7539882408847227,
        "ma.L3": 0.48012994295009676,
        "sigma2": 0.0006576562954785285
    }
}