{
    "profile_class": "NMLIGHT_WEST",
    "orders": {
        "ar": 4,
        "diff": 0,
        "ma": 4
    },
    "parameters": {
        "const": 0.5245955352822051,
        "ar.L1": 2.185757145658259,
        "ar.L2": -1.5882558400201565,
        "ar.L3": 0.556624774517352,
        "ar.L4": -0.1588395200664742,
        "ma.L1": -0.2691500334234128,
        "ma.L2": 0.09522214271281687,
        "ma.L3": -0.16403874895004827,
        "ma.L4": -0.5462524071713053,
        "sigma2": 0.0013310808077886943
    }
}