{
    "profile_class": "BUSHIPV_NORTH",
    "orders": {
        "ar": 3,
        "diff": 2,
        "ma": 4
    },
    "parameters": {
        "ar.L1": 0.5252248708795824,
        "ar.L2": -0.7911312840527522,
        "ar.L3": 0.783698351533204,
        "ma.L1": -0.8353010143549883,
        "ma.L2": 0.7994798563663684,
        "ma.L3": -1.0719763805782414,
        "ma.L4": 0.1078387552845473,
        "sigma2": 0.02694645908368531
    }
}