{
    "profile_class": "BUSMEDPV_COAST",
    "orders": {
        "ar": 4,
        "diff": 1,
        "ma": 3
    },
    "parameters": {
        "ar.L1": 0.06211078882209986,
        "ar.L2": -0.13204270337910318,
        "ar.L3": -0.1743612359803759,
        "ar.L4": 0.8522778279507102,
        "ma.L1": 0.6919566882785506,
        "ma.L2": 0.8402442375245105,
        "ma.L3": 0.8359188327585716,
        "sigma2": 0.01734188017739406
    }
}