{
    "profile_class": "NMLIGHT_SOUTH",
    "orders": {
        "ar": 4,
        "diff": 0,
        "ma": 4
    },
    "parameters": {
        "const": 0.5167238505053399,
        "ar.L1": 2.16456602092265,
        "ar.L2": -1.528121393719845,
        "ar.L3": 0.4980513639901995,
        "ar.L4": -0.13899306090119007,
        "ma.L1": -0.2485208918707558,
        "ma.L2": 0.06417002639141034,
        "ma.L3": -0.14235482691496149,
        "ma.L4": -0.5663854557818833,
        "sigma2": 0.001356839770607654
    }
}