{
    "profile_class": "RESLOPV_SOUTH",
    "orders": {
        "ar": 3,
        "diff": 0,
        "ma": 4
    },
    "parameters": {
        "const": 0.26609496212109224,
        "ar.L1": 2.2408352468116837,
        "ar.L2": -1.5506717676414183,
        "ar.L3": 0.3046587199811717,
        "ma.L1": -0.30527268897933973,
        "ma.L2": 0.007300177159294697,
        "ma.L3": -0.0383412268807463,
        "ma.L4": -0.15709711706483992,
        "sigma2": 8.267452745651572e-05
    }
}