{
    "profile_class": "BUSMEDPV_FWEST",
    "orders": {
        "ar": 4,
        "diff": 0,
        "ma": 3
    },
    "parameters": {
        "const": 7.885834216644873,
        "ar.L1": 1.6166384889159215,
        "ar.L2": -1.070161389927279,
        "ar.L3": 1.1168063780153463,
        "ar.L4": -0.6766960075880409,
        "ma.L1": -0.0964853089047362,
        "ma.L2": 0.46627062268362734,
        "ma.L3": -0.47026030454504786,
        "sigma2": 0.006696403786570999
    }
}