{
    "profile_class": "RESLOWR_WEST",
    "orders": {
        "ar": 3,
        "diff": 0,
        "ma": 4
    },
    "parameters": {
        "const": 0.1968982448191302,
        "ar.L1": 1.7305284765667925,
        "ar.L2": -0.6049450523171758,
        "ar.L3": -0.13410318595477194,
        "ma.L1": -0.2548767673756871,
        "ma.L2": -0.07049443587232364,
        "ma.L3": -0.08037603337394224,
        "ma.L4": -0.15688984887034502,
        "sigma2": 3.3957970127308144e-05
    }
}