{
    "profile_class": "RESHIPV_EAST",
    "orders": {
        "ar": 3,
        "diff": 0,
        "ma": 2
    },
    "parameters": {
        "const": 0.5740446143938065,
        "ar.L1": 2.8189813865329283,
        "ar.L2": -2.658927341289919,
        "ar.L3": 0.839523793664594,
        "ma.L1": -1.1632919754736466,
        "ma.L2": 0.22052343460352755,
        "sigma2": 0.0005360126160733053
    }
}