{
    "profile_class": "RESLOWD_WEST",
    "orders": {
        "ar": 3,
        "diff": 0,
        "ma": 4
    },
    "parameters": {
        "const": 0.20848657698875064,
        "ar.L1": 1.7323906230022643,
        "ar.L2": -0.6104519138174955,
        "ar.L3": -0.13233657172951563,
        "ma.L1": -0.08673854924081573,
        "ma.L2": -0.014281941373023362,
        "ma.L3": -0.08574398394322706,
        "ma.L4": -0.2589095224093682,
        "sigma2": 2.2887298169493314e-05
    }
}