{
    "profile_class": "RESHIWR_COAST",
    "orders": {
        "ar": 3,
        "diff": 0,
        "ma": 4
    },
    "parameters": {
        "const": 0.41230625508653995,
        "ar.L1": 1.7385686555806696,
        "ar.L2": -0.5553079735018333,
        "ar.L3": -0.18700801007310744,
        "ma.L1": -0.16169687787697823,
        "ma.L2": -0.07130092708631339,
        "ma.L3": -0.06799994576068433,
        "ma.L4": -0.173121185015206,
        "sigma2": 4.855165339215332e-05
    }
}