{
    "profile_class": "RESHIWR_FWEST",
    "orders": {
        "ar": 2,
        "diff": 0,
        "ma": 1
    },
    "parameters": {
        "const": 0.5046042867578469,
        "ar.L1": 1.8226021172093883,
        "ar.L2": -0.8290483503025401,
        "ma.L1": -0.5017159191811438,
        "sigma2": 0.000564938440095187
    }
}