{
    "profile_class": "BUSNODWD_SOUTH",
    "orders": {
        "ar": 4,
        "diff": 0,
        "ma": 4
    },
    "parameters": {
        "const": 0.09993564197612957,
        "ar.L1": 0.9569517955858098,
        "ar.L2": 0.13019306863636343,
        "ar.L3": -0.20323707248169243,
        "ar.L4": 0.06725295139864816,
        "ma.L1": 0.8146804805763392,
        "ma.L2": 0.6486530686820929,
        "ma.L3": 0.506901722416073,
        "ma.L4": 0.014368183246359923,
        "sigma2": 7.330380901655578e-06
    }
}